1/1/16,1/2/16,1/3/16,1/4/16,1/5/16,1/6/16,1/7/16,1/8/16,1/9/16,1/10/16,1/11/16,1/12/16,1/13/16,1/14/16,1/15/16,1/16/16,1/17/16,1/18/16,1/19/16,1/20/16,1/21/16,1/22/16,1/23/16,1/24/16,1/25/16,1/26/16,1/27/16,1/28/16,1/29/16,1/30/16,1/31/16,2/1/16,2/2/16,2/3/16,2/4/16,2/5/16,2/6/16,2/7/16,2/8/16,2/9/16,2/10/16,2/11/16,2/12/16,2/13/16,2/14/16,2/15/16,2/16/16,2/17/16,2/18/16,2/19/16,2/20/16,2/21/16,2/22/16,2/23/16,2/24/16,2/25/16,2/26/16,2/27/16,2/28/16,2/29/16,3/1/16,3/2/16,3/3/16,3/4/16,3/5/16,3/6/16,3/7/16,3/8/16,3/9/16,3/10/16,3/11/16,3/12/16,3/13/16,3/14/16,3/15/16,3/16/16,3/17/16,3/18/16,3/19/16,3/20/16,3/21/16,3/22/16,3/23/16,3/24/16,3/25/16,3/26/16,3/27/16,3/28/16,3/29/16,3/30/16,3/31/16,4/1/16,4/2/16,4/3/16,4/4/16,4/5/16,4/6/16,4/7/16,4/8/16,4/9/16,4/10/16,4/11/16,4/12/16,4/13/16,4/14/16,4/15/16,4/16/16,4/17/16,4/18/16,4/19/16,4/20/16,4/21/16,4/22/16,4/23/16,4/24/16,4/25/16,4/26/16,4/27/16,4/28/16,4/29/16,4/30/16,5/1/16,5/2/16,5/3/16,5/4/16,5/5/16,5/6/16,5/7/16,5/8/16,5/9/16,5/10/16,5/11/16,5/12/16,5/13/16,5/14/16,5/15/16,5/16/16,5/17/16,5/18/16,5/19/16,5/20/16,5/21/16,5/22/16,5/23/16,5/24/16,5/25/16,5/26/16,5/27/16,5/28/16,5/29/16,5/30/16,5/31/16,6/1/16
118.14,118.14,118.14,117.58,119.20,118.40,115.66,115.48,115.48,115.48,116.69,117.44,115.12,116.62,115.18,115.18,115.18,115.18,117.50,115.78,117.84,118.40,118.40,118.40,119.20,120.43,120.87,122.38,123.78,123.78,123.78,124.61,123.95,121.47,120.66,115.40,115.40,115.40,116.05,117.01,117.54,116.73,117.93,117.93,117.93,117.93,119.18,118.64,117.17,116.53,116.53,116.53,117.67,116.90,117.06,118.37,117.06,117.06,117.06,117.19,118.85,118.48,116.69,117.18,117.18,117.18,117.15,118.42,119.64,119.98,121.55,121.55,121.55,122.90,123.43,123.52,123.16,124.08,124.08,124.08,123.81,123.82,124.19,123.29,123.29,123.29,123.29,123.17,123.97,125.83,125.68,127.02,127.02,127.02,127.57,127.38,127.52,128.14,127.96,127.96,127.96,127.56,127.61,126.89,127.51,127.78,127.78,127.78,128.85,128.86,128.55,125.79,125.50,125.50,125.50,127.46,127.71,128.30,127.92,126.49,126.49,126.49,128.20,128.40,129.33,129.28,130.58,130.58,130.58,130.83,131.60,129.14,130.12,128.83,128.83,128.83,129.64,127.69,126.21,125.29,122.56,122.56,122.56,122.81,123.95,123.26,123.79,123.25,123.25,123.25,123.25,122.06,121.97
62.50,62.50,62.50,61.52,62.38,61.49,59.85,58.87,58.87,58.87,59.55,59.94,58.78,58.51,57.56,57.56,57.56,57.56,58.32,59.04,60.56,60.88,60.88,60.88,60.70,61.11,59.58,61.20,62.01,62.01,62.01,63.16,62.55,62.49,60.17,57.17,57.17,57.17,55.04,55.68,57.41,56.00,56.42,56.42,56.42,56.42,57.79,58.17,58.60,59.31,59.31,59.31,60.17,60.21,60.40,62.38,62.60,62.60,62.60,61.59,62.92,62.22,61.47,61.26,61.26,61.26,59.25,59.81,58.33,58.88,60.08,60.08,60.08,60.81,61.40,61.86,63.18,62.99,62.99,62.99,64.72,64.90,62.44,61.65,61.65,61.65,61.65,61.34,61.49,62.04,61.47,61.59,61.59,61.59,59.97,59.67,60.31,60.30,59.42,59.42,59.42,57.92,58.55,59.58,59.49,59.50,59.50,59.50,59.57,59.56,59.62,60.08,59.43,59.43,59.43,59.21,59.54,59.27,58.54,58.94,58.94,58.94,59.59,59.52,59.11,58.19,58.43,58.43,58.43,58.72,59.20,57.01,57.99,57.31,57.31,57.31,57.14,57.10,56.12,57.04,56.48,56.48,56.48,55.99,56.59,55.99,55.84,56.19,56.19,56.19,56.19,55.22,54.93
60.03,60.03,60.03,58.26,58.65,58.13,56.69,56.63,56.63,56.63,57.82,59.46,57.87,58.98,58.00,58.00,58.00,58.00,58.55,56.92,59.03,59.17,59.17,59.17,57.71,58.61,57.63,59.29,60.77,60.77,60.77,61.40,60.70,59.53,58.29,54.49,54.49,54.49,54.14,54.42,55.14,54.92,55.86,55.86,55.86,55.86,56.41,57.63,56.96,57.67,57.67,57.67,58.87,58.46,58.11,58.75,58.34,58.34,58.34,58.21,60.04,59.56,59.04,58.70,58.70,58.70,58.00,57.60,57.07,57.52,57.59,57.59,57.59,58.65,59.08,59.67,59.55,59.70,59.70,59.70,59.10,59.38,58.83,58.36,58.36,58.36,58.36,58.96,59.55,60.01,59.70,61.02,61.02,61.02,60.25,60.04,60.83,61.17,61.04,61.04,61.04,60.90,59.50,60.21,60.13,60.51,60.51,60.51,60.89,60.90,60.90,60.64,57.68,57.68,57.68,57.77,57.72,56.90,56.42,56.23,56.23,56.23,57.36,56.25,56.39,56.25,56.31,56.31,56.31,56.64,57.49,56.23,56.30,55.82,55.82,55.82,55.53,54.88,54.80,54.55,54.62,54.62,54.62,54.60,55.44,55.15,55.29,55.15,55.15,55.15,55.15,54.89,54.82
69.55,69.55,69.55,67.59,66.55,64.42,63.84,63.63,63.63,63.63,64.05,64.40,62.85,63.29,62.91,62.91,62.91,62.91,62.64,63.03,62.64,55.06,55.06,55.06,55.02,55.09,54.52,52.88,53.50,53.50,53.50,54.70,53.66,54.11,54.38,53.98,53.98,53.98,52.40,52.63,52.29,51.11,52.66,52.66,52.66,52.66,53.18,53.61,54.15,54.71,54.71,54.71,55.63,55.11,54.64,55.39,55.38,55.38,55.38,55.58,56.80,57.12,58.09,58.29,58.29,58.29,59.00,59.43,59.05,58.75,59.46,59.46,59.46,59.57,59.23,59.70,60.08,61.22,61.22,61.22,61.21,60.61,60.63,60.47,60.47,60.47,60.47,60.28,60.60,60.29,61.40,61.10,61.10,61.10,60.62,60.19,59.88,58.86,59.50,59.50,59.50,59.80,60.68,62.16,62.51,62.14,62.14,62.14,62.59,63.57,65.02,65.61,65.93,65.93,65.93,65.70,66.20,66.23,65.84,65.43,65.43,65.43,65.68,64.85,64.26,63.92,64.51,64.51,64.51,63.98,64.84,64.59,64.34,64.12,64.12,64.12,64.07,62.76,63.52,62.74,63.92,63.92,63.92,63.59,64.87,65.31,65.23,65.52,65.52,65.52,65.52,65.76,65.91
72.18,72.18,72.18,70.74,69.46,68.55,65.08,64.23,64.23,64.23,64.76,65.80,63.64,64.60,62.85,62.85,62.85,62.85,62.19,60.76,61.18,61.10,61.10,61.10,58.66,60.38,63.30,62.99,65.62,65.62,65.62,65.01,63.21,63.15,63.73,63.36,63.36,63.36,60.89,62.42,62.24,60.15,62.54,62.54,62.54,62.54,64.21,65.18,65.93,65.73,65.73,65.73,67.76,65.72,65.41,66.42,67.20,67.20,67.20,65.73,67.99,69.14,69.66,69.59,69.59,69.59,69.52,68.49,68.70,69.23,71.03,71.03,71.03,69.93,69.32,69.38,69.50,70.57,70.57,70.57,70.81,70.46,70.21,69.76,69.76,69.76,69.76,69.20,68.85,69.15,69.31,70.80,70.80,70.80,69.83,68.53,68.27,66.58,66.67,66.67,66.67,67.20,68.31,70.84,71.47,71.34,71.34,71.34,71.66,72.80,75.43,74.73,75.56,75.56,75.56,74.99,75.96,74.31,73.37,72.39,72.39,72.39,73.58,71.97,69.68,69.12,69.39,69.39,69.39,69.60,71.14,70.35,69.36,68.71,68.71,68.71,69.28,68.83,70.98,70.53,70.93,70.93,70.93,70.65,71.62,73.27,72.56,73.83,73.83,73.83,73.83,73.24,73.22
67.04,67.04,67.04,65.38,65.59,63.62,61.82,62.65,62.65,62.65,63.16,64.32,60.27,60.74,59.55,59.55,59.55,59.55,58.38,59.81,61.65,62.46,62.46,62.46,60.12,61.94,60.64,59.21,61.28,61.28,61.28,61.42,59.07,59.39,60.71,60.01,60.01,60.01,59.44,60.77,61.38,61.59,63.80,63.80,63.80,63.80,65.06,66.68,64.94,65.71,65.71,65.71,66.79,66.27,67.03,68.30,68.15,68.15,68.15,68.15,68.93,68.83,68.68,68.98,68.98,68.98,69.54,68.41,68.59,67.96,68.89,68.89,68.89,70.93,70.41,71.24,71.80,73.16,73.16,73.16,72.30,70.92,69.60,68.64,68.64,68.64,68.64,71.34,70.70,71.55,71.18,67.13,67.13,67.13,66.36,65.84,66.14,65.53,66.57,66.57,66.57,67.12,67.34,67.63,67.84,67.92,67.92,67.92,67.54,67.81,67.86,68.23,66.54,66.54,66.54,66.98,67.00,68.68,69.24,70.09,70.09,70.09,70.04,70.10,69.23,69.27,69.22,69.22,69.22,69.13,70.46,68.92,67.97,66.88,66.88,66.88,67.71,67.26,65.71,64.97,64.98,64.98,64.98,64.86,65.37,66.20,65.56,66.31,66.31,66.31,66.31,66.04,67.15
67.63,67.63,67.63,66.29,66.44,65.98,64.29,64.27,64.27,64.27,67.83,66.65,64.95,65.12,64.27,64.27,64.27,64.27,63.47,62.83,64.03,65.82,65.82,65.82,65.58,66.96,67.47,67.51,69.58,69.58,69.58,71.02,71.96,70.20,70.13,69.19,69.19,69.19,66.77,66.50,67.30,64.25,66.01,66.01,66.01,66.01,65.60,67.05,67.52,67.62,67.62,67.62,69.95,69.84,70.14,70.00,70.44,70.44,70.44,69.21,70.79,71.30,72.93,73.00,73.00,73.00,72.94,71.49,72.26,72.20,74.95,74.95,74.95,74.72,73.17,74.49,73.72,75.46,75.46,75.46,75.52,77.16,76.95,76.37,76.37,76.37,76.37,76.44,77.56,78.10,78.05,79.20,79.20,79.20,78.73,78.24,79.10,78.84,79.14,79.14,79.14,79.57,79.78,80.60,80.72,80.33,80.33,80.33,80.88,79.78,80.11,80.22,80.91,80.91,80.91,80.12,81.18,81.78,81.96,80.62,80.62,80.62,81.21,79.06,79.80,80.61,80.90,80.90,80.90,80.98,80.93,80.25,77.69,77.92,77.92,77.92,77.81,77.27,76.58,76.72,77.12,77.12,77.12,76.22,77.56,77.73,77.20,77.36,77.36,77.36,77.36,78.02,78.37
73.05,73.05,73.05,72.21,72.03,71.52,69.08,68.14,68.14,68.14,68.02,69.57,69.03,70.01,67.09,67.09,67.09,67.09,68.77,67.99,68.96,68.98,68.98,68.98,67.39,69.87,69.40,70.41,72.37,72.37,72.37,73.10,72.32,72.45,72.31,69.76,69.76,69.76,67.43,66.47,66.76,65.24,67.34,67.34,67.34,67.34,69.52,71.20,71.03,70.52,70.52,70.52,71.96,71.51,71.48,70.96,71.42,71.42,71.42,72.47,76.19,75.41,76.39,78.05,78.05,78.05,78.05,76.68,76.30,76.76,77.77,77.77,77.77,77.55,78.23,78.65,78.79,78.31,78.31,78.31,79.43,78.98,80.55,79.35,79.35,79.35,79.35,79.80,80.57,82.25,81.85,82.27,82.27,82.27,81.90,81.57,81.89,81.27,82.34,82.34,82.34,81.80,82.05,82.15,82.40,81.84,81.84,81.84,82.61,82.13,82.53,81.70,81.19,81.19,81.19,81.36,82.04,81.49,80.44,79.56,79.56,79.56,80.97,79.72,80.65,80.84,80.96,80.96,80.96,81.88,82.90,80.69,81.57,80.30,80.30,80.30,81.25,80.98,80.17,80.07,79.60,79.60,79.60,79.98,82.13,82.60,82.45,82.59,82.59,82.59,82.59,82.09,82.43
44.08,44.08,44.08,43.44,43.42,42.22,40.33,39.38,39.38,39.38,39.35,39.97,37.97,37.48,37.13,37.13,37.13,37.13,36.20,36.07,36.85,36.97,36.97,36.97,37.13,38.18,37.15,37.51,38.78,38.78,38.78,39.01,37.25,36.23,37.52,36.43,36.43,36.43,34.26,34.27,34.87,33.76,34.79,34.79,34.79,34.79,36.00,37.43,37.50,37.46,37.46,37.46,38.11,37.87,37.74,37.87,38.67,38.67,38.67,38.01,39.51,40.31,41.28,40.98,40.98,40.98,39.59,38.70,39.85,39.80,41.16,41.16,41.16,41.27,41.37,42.16,42.63,42.98,42.98,42.98,43.17,43.27,43.09,42.98,42.98,42.98,42.98,43.81,44.95,44.37,44.29,45.54,45.54,45.54,45.36,44.77,44.63,43.84,43.84,43.84,43.84,43.76,43.81,44.55,44.19,44.33,44.33,44.33,44.85,44.87,44.62,44.48,44.36,44.36,44.36,44.04,44.39,44.57,43.42,45.54,45.54,45.54,47.18,46.61,46.68,46.91,47.04,47.04,47.04,47.82,49.17,48.41,48.54,47.49,47.49,47.49,47.94,47.50,47.12,47.17,47.14,47.14,47.14,47.50,47.89,47.88,47.72,47.76,47.76,47.76,47.76,47.69,47.93
101.21,101.21,101.21,98.14,96.54,95.31,92.43,91.78,91.78,91.78,93.60,94.02,89.04,87.90,82.92,82.92,82.92,82.92,81.08,82.44,85.48,85.76,85.76,85.76,83.37,84.52,81.42,78.33,81.96,81.96,81.96,84.52,71.70,73.83,73.58,69.58,69.58,69.58,66.29,68.02,69.39,67.97,68.77,68.77,68.77,68.77,72.51,73.30,69.87,70.85,70.85,70.85,73.72,74.01,72.79,74.47,75.19,75.19,75.19,74.37,76.54,75.18,75.69,74.01,74.01,74.01,73.63,70.65,70.14,69.99,72.82,72.82,72.82,72.53,72.60,74.63,74.98,77.62,77.62,77.62,78.23,75.99,73.30,74.47,74.47,74.47,74.47,75.43,76.05,80.35,82.15,81.88,81.88,81.88,82.51,80.34,81.56,80.27,80.60,80.60,80.60,79.53,80.70,84.42,82.90,81.05,81.05,81.05,79.38,79.19,79.19,76.80,73.80,73.80,73.80,75.00,76.24,77.98,76.02,77.40,77.40,77.40,78.72,77.30,75.90,75.61,74.80,74.80,74.80,75.73,75.38,75.12,77.02,75.64,75.64,75.64,76.67,76.05,78.20,76.80,78.90,78.90,78.90,78.26,79.81,77.50,75.46,77.77,77.77,77.77,77.77,77.39,76.96
53.62,53.62,53.62,52.71,52.59,51.56,50.60,49.97,49.97,49.97,50.49,51.00,49.40,50.16,49.16,49.16,49.16,49.16,48.91,48.75,48.42,48.59,48.59,48.59,47.59,48.39,48.72,44.83,45.79,45.79,45.79,46.05,45.03,45.40,46.31,46.25,46.25,46.25,45.11,45.87,45.77,43.25,44.52,44.52,44.52,44.52,45.67,46.44,46.39,46.15,46.15,46.15,47.34,46.46,46.71,47.16,47.15,47.15,47.15,46.42,47.57,48.09,48.76,48.53,48.53,48.53,48.68,48.24,48.00,48.31,49.18,49.18,49.18,48.65,48.71,48.84,49.52,50.59,50.59,50.59,50.41,50.17,49.86,49.68,49.68,49.68,49.68,49.28,50.28,50.26,50.92,51.39,51.39,51.39,50.76,51.22,51.20,50.26,50.55,50.55,50.55,50.57,51.49,52.61,52.32,51.87,51.87,51.87,51.95,52.55,56.84,56.36,56.51,56.51,56.51,56.88,57.07,57.17,56.68,56.27,56.27,56.27,56.40,55.55,55.15,54.83,55.23,55.23,55.23,55.16,55.96,55.37,55.30,54.42,54.42,54.42,54.44,53.74,54.57,54.44,54.93,54.93,54.93,54.70,55.73,56.58,56.19,56.78,56.78,56.78,56.78,56.81,56.96
59.75,59.75,59.75,60.32,60.15,59.89,59.44,59.67,59.67,59.67,60.25,60.19,60.09,60.88,60.48,60.48,60.48,60.48,61.01,60.62,60.25,62.44,62.44,62.44,61.44,62.35,62.44,63.45,64.91,64.91,64.91,65.03,65.36,65.88,63.93,63.72,63.72,63.72,64.29,65.72,66.68,66.08,65.08,65.08,65.08,65.08,65.15,64.71,65.81,65.77,65.77,65.77,66.27,66.67,66.69,68.05,64.81,64.81,64.81,64.82,65.30,68.76,67.90,67.87,67.87,67.87,67.34,68.37,68.69,68.23,68.11,68.11,68.11,68.00,68.59,68.90,69.97,68.01,68.01,68.01,67.55,67.61,67.55,67.63,67.63,67.63,67.63,67.14,68.72,68.61,68.93,69.50,69.50,69.50,69.62,69.05,69.50,69.80,70.38,70.38,70.38,70.10,70.39,70.39,70.44,71.26,71.26,71.26,71.70,72.20,70.88,68.26,69.24,69.24,69.24,70.80,71.41,72.17,72.39,72.76,72.76,72.76,74.19,73.93,74.45,73.20,74.02,74.02,74.02,74.29,74.51,74.52,74.94,74.71,74.71,74.71,75.20,73.33,72.64,73.40,73.41,73.41,73.41,73.15,73.98,73.28,73.98,74.12,74.12,74.12,74.12,74.10,75.24
32.73,32.73,32.73,33.64,33.97,32.79,32.89,31.95,31.95,31.95,32.77,32.59,31.52,31.76,31.43,31.43,31.43,31.43,31.16,31.46,32.47,32.43,32.43,32.43,30.35,33.33,34.19,35.82,37.05,37.05,37.05,37.21,37.15,36.42,36.09,35.05,35.05,35.05,34.43,34.05,33.65,33.63,34.53,34.53,34.53,34.53,35.58,35.97,36.31,35.82,35.82,35.82,36.18,36.95,37.89,38.90,38.57,38.57,38.57,38.94,39.33,38.87,38.79,38.78,38.78,38.78,39.19,38.46,38.81,39.09,39.66,39.66,39.66,39.40,38.86,39.01,39.72,39.27,39.27,39.27,39.41,38.86,38.75,38.68,38.68,38.68,38.68,38.93,39.41,40.32,40.09,40.52,40.52,40.52,40.15,39.71,40.30,40.31,38.97,38.97,38.97,39.31,39.01,39.45,38.72,38.98,38.98,38.98,39.64,40.07,40.49,39.99,40.28,40.28,40.28,40.19,41.86,42.00,41.21,40.27,40.27,40.27,41.34,40.71,40.42,39.62,39.91,39.91,39.91,40.69,40.61,38.18,38.01,37.30,37.30,37.30,37.65,37.88,37.38,38.10,39.13,39.13,39.13,38.88,39.48,39.51,39.33,39.60,39.60,39.60,39.60,39.42,39.34
67.36,67.36,67.36,66.96,68.18,69.89,69.12,68.04,68.04,68.04,70.01,70.83,68.48,70.20,72.07,72.07,72.07,72.07,70.45,69.73,71.95,72.91,72.91,72.91,70.91,72.33,71.16,72.35,74.28,74.28,74.28,73.77,74.34,75.00,75.90,74.10,74.10,74.10,75.11,71.94,72.17,69.56,70.08,70.08,70.08,70.08,71.04,72.05,72.27,72.08,72.08,72.08,74.54,74.51,75.75,76.13,76.45,76.45,76.45,75.87,77.44,78.94,78.89,77.91,77.91,77.91,78.60,78.58,78.00,77.94,77.98,77.98,77.98,78.40,78.48,78.39,78.61,78.49,78.49,78.49,77.85,78.08,78.07,77.30,77.30,77.30,77.30,78.12,78.23,78.55,80.10,79.19,79.19,79.19,79.70,77.80,79.74,78.46,78.76,78.76,78.76,79.45,80.94,81.50,81.33,82.41,82.41,82.41,87.18,87.02,86.50,86.80,87.43,87.43,87.43,87.24,87.63,87.16,85.32,84.64,84.64,84.64,85.59,84.89,84.28,83.55,85.09,85.09,85.09,86.11,86.33,84.50,85.30,85.11,85.11,85.11,85.46,84.63,84.90,84.87,84.39,84.39,84.39,84.97,86.72,86.76,86.75,87.28,87.28,87.28,87.28,87.29,87.12
69.19,69.19,69.19,68.77,70.07,66.44,60.19,57.74,57.74,57.74,56.79,55.62,52.47,51.50,58.37,58.37,58.37,58.37,59.13,56.33,56.68,59.17,59.17,59.17,61.00,63.41,62.23,63.15,67.34,67.34,67.34,67.10,62.00,63.17,63.78,61.91,61.91,61.91,58.80,58.45,58.14,59.69,69.14,69.14,69.14,69.14,74.65,76.21,78.45,77.18,77.18,77.18,79.53,79.65,79.67,80.63,82.17,82.17,82.17,82.48,84.51,85.00,88.35,85.44,85.44,85.44,83.99,80.27,81.56,84.06,86.06,86.06,86.06,85.22,83.25,86.30,88.80,94.02,94.02,94.02,92.74,95.00,91.76,93.47,93.47,93.47,93.47,92.83,94.14,93.99,93.43,94.74,94.74,94.74,93.40,90.92,89.55,99.99,98.78,98.78,98.78,98.31,97.19,97.68,97.67,97.67,97.67,97.67,96.48,99.99,99.39,95.79,96.00,96.00,96.00,90.94,89.66,89.17,89.22,88.30,88.30,88.30,94.28,94.45,91.23,89.62,91.21,91.21,91.21,89.62,94.03,92.96,93.42,89.95,89.95,89.95,90.88,91.23,88.45,88.45,88.96,88.96,88.96,91.48,93.22,96.65,94.62,95.96,95.96,95.96,95.96,96.18,96.73
146.87,146.87,146.87,148.09,144.90,141.20,137.65,135.56,135.56,135.56,134.41,134.31,129.96,134.03,128.64,128.64,128.64,128.64,127.21,130.63,133.37,133.58,133.58,133.58,133.22,134.25,132.37,132.02,134.39,134.39,134.39,135.42,132.19,135.08,139.80,137.82,137.82,137.82,135.24,137.04,134.36,129.74,132.19,132.19,132.19,132.19,135.45,138.85,140.48,142.91,142.91,142.91,148.21,150.14,151.28,151.87,154.55,154.55,154.55,155.32,157.52,158.82,158.05,161.16,161.16,161.16,159.15,158.55,158.58,158.33,164.70,164.70,164.70,166.04,168.84,174.22,176.65,177.93,177.93,177.93,177.46,177.17,175.01,175.09,175.09,175.09,175.09,176.99,177.29,177.35,180.34,183.31,183.31,183.31,182.98,181.16,182.35,180.44,182.59,182.59,182.59,183.52,185.17,187.33,186.13,186.40,186.40,186.40,190.00,190.15,188.46,187.45,187.31,187.31,187.31,186.04,179.43,178.25,174.78,174.14,174.14,174.14,176.81,176.89,175.18,176.29,176.70,176.70,176.70,175.09,177.28,172.37,171.54,168.72,168.72,168.72,167.58,169.75,166.98,167.67,168.10,168.10,168.10,166.87,174.25,174.39,172.25,174.61,174.61,174.61,174.61,174.62,175.23
58.60,58.60,58.60,57.99,57.71,56.97,55.72,55.07,55.07,55.07,56.00,55.85,52.31,50.80,47.82,47.82,47.82,47.82,47.20,47.28,47.90,47.98,47.98,47.98,47.32,48.61,45.23,42.46,45.37,45.37,45.37,47.06,43.02,41.96,42.50,39.46,39.46,39.46,38.20,39.18,38.74,39.00,39.33,39.33,39.33,39.33,40.56,42.83,41.85,42.49,42.49,42.49,44.08,46.85,47.90,48.66,49.64,49.64,49.64,49.13,50.31,50.53,50.00,49.56,49.56,49.56,49.68,47.31,47.59,47.26,48.87,48.87,48.87,49.69,48.41,49.71,51.42,52.45,52.45,52.45,52.71,51.64,49.77,51.08,51.08,51.08,51.08,51.35,51.26,54.18,55.29,54.52,54.52,54.52,54.64,53.96,54.99,53.79,53.64,53.64,53.64,53.53,53.93,55.16,54.52,53.08,53.08,53.08,52.14,51.50,50.90,49.97,48.66,48.66,48.66,49.31,48.85,49.80,48.73,48.89,48.89,48.89,49.83,50.14,49.16,48.88,48.89,48.89,48.89,49.25,46.89,46.68,47.19,46.38,46.38,46.38,47.35,47.23,47.58,46.39,47.21,47.21,47.21,46.74,47.81,46.57,45.78,47.09,47.09,47.09,47.09,46.41,46.59
119.49,119.49,119.49,117.92,118.43,115.70,112.90,112.38,112.38,112.38,114.46,112.30,109.10,111.18,109.17,109.17,109.17,109.17,107.37,107.39,106.95,107.52,107.52,107.52,108.46,111.90,111.08,108.02,112.64,112.64,112.64,115.07,112.10,111.58,111.85,109.04,109.04,109.04,104.47,105.52,108.99,101.65,104.26,104.26,104.26,104.26,106.10,107.74,107.32,106.99,106.99,106.99,110.03,109.73,110.66,111.28,113.34,113.34,113.34,110.37,113.75,115.36,117.50,115.54,115.54,115.54,114.39,111.82,113.01,112.95,115.69,115.69,115.69,115.39,112.09,113.72,113.74,116.65,116.65,116.65,116.61,118.91,118.62,117.91,117.91,117.91,117.91,119.15,123.91,125.33,124.72,125.39,125.39,125.39,124.67,122.68,124.21,123.04,123.22,123.22,123.22,121.74,122.49,125.22,125.71,125.38,125.38,125.38,126.12,125.75,128.33,127.68,129.18,129.18,129.18,127.81,132.19,132.12,134.91,133.68,133.68,133.68,134.17,133.88,133.26,133.57,133.87,133.87,133.87,135.07,135.05,135.78,133.29,133.61,133.61,133.61,135.02,134.41,133.54,133.69,134.11,134.11,134.11,132.04,134.85,135.79,134.45,134.69,134.69,134.69,134.69,134.86,135.92
63.64,63.64,63.64,62.75,63.89,62.92,62.48,62.01,62.01,62.01,61.96,62.51,61.86,61.67,60.23,60.23,60.23,60.23,60.83,59.67,60.32,61.93,61.93,61.93,61.47,62.66,62.59,63.26,63.06,63.06,63.06,63.33,62.15,61.93,61.52,58.99,58.99,58.99,59.54,58.48,57.59,57.14,58.67,58.67,58.67,58.67,59.54,61.54,61.52,61.19,61.19,61.19,62.14,62.86,63.32,63.74,63.74,63.74,63.74,63.88,64.25,64.68,64.82,64.93,64.93,64.93,65.15,64.58,66.93,67.12,67.57,67.57,67.57,67.78,66.84,67.56,67.58,67.29,67.29,67.29,67.22,66.65,66.52,65.77,65.77,65.77,65.77,66.47,66.63,66.58,66.30,67.04,67.04,67.04,67.34,64.80,64.99,64.68,64.79,64.79,64.79,64.74,65.88,65.58,64.85,64.20,64.20,64.20,64.79,63.19,63.14,62.79,63.30,63.30,63.30,63.46,63.86,63.64,63.15,62.25,62.25,62.25,63.61,63.48,63.93,62.97,62.49,62.49,62.49,64.45,64.66,63.12,63.81,63.31,63.31,63.31,63.28,63.90,63.04,65.90,66.15,66.15,66.15,65.00,65.80,66.25,67.28,67.48,67.48,67.48,67.48,67.83,67.43
18.64,18.64,18.64,18.65,18.62,18.32,17.41,16.88,16.88,16.88,16.80,16.28,15.90,16.32,15.99,15.99,15.99,15.99,15.69,15.68,15.77,15.73,15.73,15.73,15.33,15.65,15.92,15.35,15.85,15.85,15.85,16.05,16.09,17.08,17.17,17.01,17.01,17.01,16.45,16.20,16.75,15.90,16.34,16.34,16.34,16.34,17.01,17.07,17.16,16.90,16.90,16.90,17.54,17.11,17.18,17.37,17.56,17.56,17.56,17.58,17.87,18.11,18.56,18.66,18.66,18.66,18.88,17.99,18.00,18.00,18.26,18.26,18.26,18.12,17.72,17.79,18.30,18.48,18.48,18.48,18.52,18.37,18.16,18.34,18.34,18.34,18.34,18.21,18.08,18.23,18.72,18.66,18.66,18.66,18.19,17.50,17.44,17.32,16.96,16.96,16.96,17.20,17.21,17.74,17.50,17.51,17.51,17.51,17.64,17.99,18.35,18.29,18.51,18.51,18.51,18.48,18.47,17.86,17.79,17.81,17.81,17.81,17.81,17.08,16.91,16.97,17.16,17.16,17.16,17.00,17.31,17.02,16.85,16.74,16.74,16.74,16.80,16.90,16.91,16.67,16.74,16.74,16.74,16.63,17.09,17.51,17.71,17.78,17.78,17.78,17.78,17.94,18.18
73.65,73.65,73.65,73.49,74.50,72.79,71.44,70.34,70.34,70.34,69.77,70.07,69.95,68.78,68.35,68.35,68.35,68.35,66.41,66.44,68.68,69.83,69.83,69.83,67.58,69.57,69.45,69.30,73.38,73.38,73.38,73.17,75.15,79.26,77.42,74.92,74.92,74.92,71.88,71.09,71.58,70.46,73.35,73.35,73.35,73.35,73.92,75.92,76.38,74.99,74.99,74.99,76.38,77.73,76.85,80.25,79.69,79.69,79.69,79.15,82.51,84.35,85.45,85.95,85.95,85.95,86.23,84.18,85.01,85.60,87.46,87.46,87.46,87.88,87.98,87.78,89.21,88.28,88.28,88.28,90.57,88.99,87.63,94.29,94.29,94.29,94.29,96.52,97.75,98.92,99.06,99.39,99.39,99.39,97.66,96.49,96.50,95.22,93.05,93.05,93.05,93.21,93.62,94.93,94.93,95.37,95.37,95.37,95.43,95.25,95.59,96.37,96.08,96.08,96.08,95.24,97.69,97.85,95.51,95.60,95.60,95.60,96.91,95.95,95.54,91.50,91.40,91.40,91.40,91.65,89.96,83.15,84.16,83.45,83.45,83.45,85.75,86.65,85.96,86.42,88.96,88.96,88.96,88.11,89.02,89.83,93.73,94.54,94.54,94.54,94.54,93.80,95.45
111.25,111.25,111.25,109.23,109.93,109.77,106.75,108.97,108.97,108.97,106.22,109.76,107.96,107.14,104.16,104.16,104.16,104.16,104.92,106.46,107.71,111.60,111.60,111.60,110.73,112.17,111.06,112.20,113.93,113.93,113.93,114.35,113.75,113.80,114.00,110.37,110.37,110.37,108.16,105.62,107.00,106.90,109.50,109.50,109.50,109.50,111.08,112.95,112.04,112.87,112.87,112.87,115.09,117.62,117.61,132.90,134.39,134.39,134.39,133.04,134.15,133.06,132.84,132.99,132.99,132.99,134.02,134.24,133.78,133.01,131.72,131.72,131.72,132.65,131.20,131.85,131.27,130.81,130.81,130.81,131.17,130.73,130.12,128.74,128.74,128.74,128.74,129.15,130.09,130.97,131.86,133.47,133.47,133.47,133.36,132.32,135.94,136.26,137.05,137.05,137.05,137.24,136.74,137.14,137.27,138.62,138.62,138.62,138.65,137.52,140.01,137.90,132.41,132.41,132.41,133.67,133.81,133.63,120.47,120.88,120.88,120.88,120.37,118.56,119.02,119.93,119.31,119.31,119.31,121.51,122.22,119.83,121.46,121.95,121.95,121.95,123.17,121.07,121.13,120.82,123.06,123.06,123.06,121.88,122.52,121.29,123.00,122.18,122.18,122.18,122.18,120.88,121.40
127.99,127.99,127.99,124.15,125.93,125.95,122.00,120.59,120.59,120.59,123.49,121.77,117.10,121.77,118.93,118.93,118.93,118.93,121.95,121.30,123.30,124.56,124.56,124.56,123.18,124.62,120.99,119.99,125.00,125.00,125.00,124.52,121.94,119.76,119.85,116.80,116.80,116.80,117.00,116.39,117.91,117.19,120.24,120.24,120.24,120.24,123.93,125.21,124.66,127.73,127.73,127.73,126.70,126.62,127.66,129.37,126.76,126.76,126.76,127.41,129.85,129.08,128.48,129.88,129.88,129.88,130.57,131.42,132.91,127.60,131.09,131.09,131.09,131.70,130.65,129.96,127.98,127.28,127.28,127.28,127.85,127.64,126.59,126.59,126.59,126.59,126.59,128.67,131.80,131.67,133.70,132.31,132.31,132.31,130.13,127.56,128.72,128.24,128.52,128.52,128.52,128.05,129.37,131.38,131.97,132.41,132.41,132.41,132.73,133.01,131.05,131.87,130.57,130.57,130.57,130.58,130.97,130.78,129.38,129.64,129.64,129.64,130.76,129.83,129.39,129.07,130.52,130.52,130.52,130.05,132.32,127.77,128.82,127.60,127.60,127.60,128.28,125.74,125.98,125.40,126.32,126.32,126.32,126.94,129.03,129.21,129.31,130.42,130.42,130.42,130.42,131.25,131.45
40.31,40.31,40.31,39.83,40.08,39.94,39.00,37.50,37.50,37.50,34.98,36.08,35.94,34.94,34.32,34.32,34.32,34.32,33.56,33.67,34.53,35.40,35.40,35.40,34.08,33.68,34.29,42.04,42.72,42.72,42.72,42.57,41.00,40.45,40.27,38.67,38.67,38.67,36.28,36.18,37.24,36.29,38.15,38.15,38.15,38.15,39.97,41.49,40.52,40.32,40.32,40.32,40.55,40.25,41.08,41.53,41.91,41.91,41.91,41.85,42.47,41.97,41.55,42.00,42.00,42.00,41.60,40.65,40.15,40.52,41.23,41.23,41.23,40.91,40.51,40.50,41.57,42.14,42.14,42.14,42.76,42.23,41.44,41.08,41.08,41.08,41.08,41.47,41.76,42.82,42.42,42.35,42.35,42.35,41.69,41.77,42.92,42.99,43.54,43.54,43.54,41.15,41.40,42.96,43.48,43.08,43.08,43.08,43.71,43.95,43.95,46.93,46.99,46.99,46.99,46.59,46.75,44.80,44.66,43.94,43.94,43.94,43.74,42.73,39.51,39.75,38.70,38.70,38.70,38.70,39.08,37.38,37.66,37.15,37.15,37.15,37.12,36.89,36.57,37.44,37.89,37.89,37.89,37.27,38.22,38.31,37.76,37.92,37.92,37.92,37.92,37.73,36.25
17.82,17.82,17.82,17.16,17.32,16.94,16.22,15.90,15.90,15.90,16.16,16.23,16.30,16.07,15.94,15.94,15.94,15.94,15.67,15.57,16.00,16.60,16.60,16.60,15.91,16.33,16.08,16.39,16.76,16.76,16.76,16.51,16.18,16.38,16.53,16.23,16.23,16.23,15.79,16.00,16.35,15.36,16.01,16.01,16.01,16.01,16.67,16.61,16.61,16.54,16.54,16.54,17.20,17.15,17.10,17.34,17.39,17.39,17.39,17.19,17.52,17.87,18.16,17.93,17.93,17.93,17.93,17.80,18.04,17.96,18.40,18.40,18.40,18.34,18.26,18.21,18.37,18.65,18.65,18.65,18.30,18.28,17.98,17.91,17.91,17.91,17.91,18.12,18.51,18.41,18.71,18.42,18.42,18.42,17.21,17.56,17.98,17.72,17.80,17.80,17.80,17.58,17.83,18.28,18.33,18.65,18.65,18.65,18.51,18.66,19.18,19.13,19.05,19.05,19.05,18.81,18.98,19.18,18.52,18.39,18.39,18.39,18.44,18.20,18.30,18.19,18.23,18.23,18.23,18.28,18.24,18.15,18.19,17.98,17.98,17.98,18.21,18.17,18.03,17.79,18.06,18.06,18.06,17.82,18.73,18.70,18.86,18.86,18.86,18.86,18.86,18.76,18.87
33.30,33.30,33.30,32.73,32.95,32.13,30.37,29.79,29.79,29.79,29.89,30.20,29.90,29.58,29.08,29.08,29.08,29.08,28.57,27.67,27.82,28.21,28.21,28.21,26.95,27.56,26.79,26.84,27.62,27.62,27.62,27.03,26.56,26.84,27.39,26.24,26.24,26.24,25.13,25.05,25.12,24.10,25.04,25.04,25.04,25.04,25.71,25.23,25.03,25.08,25.08,25.08,26.03,27.02,26.83,27.71,27.57,27.57,27.57,27.45,28.44,28.71,28.82,28.20,28.20,28.20,28.52,27.49,27.60,27.43,28.37,28.37,28.37,28.17,27.59,28.28,28.78,29.59,29.59,29.59,29.41,29.02,28.53,28.53,28.53,28.53,28.53,28.68,29.61,29.04,29.51,29.53,29.53,29.53,28.80,28.82,29.33,28.90,28.74,28.74,28.74,29.02,29.02,29.98,29.90,29.61,29.61,29.61,29.67,29.38,29.01,29.17,29.05,29.05,29.05,28.78,29.18,29.18,27.52,27.30,27.30,27.30,27.57,26.94,26.96,26.62,26.47,26.47,26.47,26.66,26.86,26.53,26.71,26.56,26.56,26.56,26.92,26.86,26.77,26.75,27.57,27.57,27.57,27.10,29.46,29.09,28.90,29.15,29.15,29.15,29.15,29.15,29.16
29.80,29.80,29.80,29.47,29.65,29.68,29.06,29.23,29.23,29.23,29.44,29.32,29.04,29.52,28.99,28.99,28.99,28.99,29.31,28.99,28.95,29.79,29.79,29.79,29.58,29.96,30.10,30.57,31.53,31.53,31.53,31.87,31.73,32.17,31.75,31.56,31.56,31.56,31.85,32.02,32.03,31.52,31.57,31.57,31.57,31.57,31.40,31.06,31.31,31.23,31.23,31.23,31.44,31.60,31.32,31.66,30.65,30.65,30.65,30.57,30.65,31.29,31.45,31.56,31.56,31.56,31.43,31.71,31.76,31.68,31.72,31.72,31.72,31.54,31.68,31.65,32.13,31.50,31.50,31.50,31.46,31.50,31.38,31.45,31.45,31.45,31.45,31.59,32.33,31.95,31.82,31.93,31.93,31.93,31.87,31.39,31.37,31.46,31.62,31.62,31.62,31.47,31.52,31.34,31.21,31.92,31.92,31.92,32.19,32.24,31.54,30.44,30.83,30.83,30.83,31.15,31.49,31.66,31.50,31.66,31.66,31.66,32.33,32.29,32.62,32.41,32.49,32.49,32.49,32.80,32.89,32.62,32.84,32.68,32.68,32.68,32.79,31.83,31.24,31.48,31.60,31.60,31.60,31.42,31.83,31.75,32.26,32.32,32.32,32.32,32.32,32.31,32.84
50.51,50.51,50.51,49.92,49.31,48.13,46.46,45.50,45.50,45.50,44.52,45.46,42.93,40.99,37.98,37.98,37.98,37.98,38.06,38.49,41.46,42.23,42.23,42.23,42.19,42.26,42.16,39.95,39.85,39.85,39.85,39.30,38.34,38.47,40.41,39.92,39.92,39.92,38.72,38.66,39.54,38.50,39.58,39.58,39.58,39.58,39.96,42.78,42.29,42.22,42.22,42.22,44.04,42.86,41.73,42.48,42.54,42.54,42.54,42.54,44.18,44.49,44.54,44.91,44.91,44.91,45.01,42.72,43.46,43.62,45.04,45.04,45.04,44.94,44.03,45.28,46.58,47.15,47.15,47.15,47.22,47.73,46.13,46.78,46.78,46.78,46.78,47.11,48.00,48.16,47.98,48.27,48.27,48.27,47.35,46.86,47.25,46.07,46.37,46.37,46.37,46.33,46.56,47.91,48.22,48.61,48.61,48.61,49.52,48.42,50.36,49.94,50.18,50.18,50.18,50.16,51.34,51.33,48.48,48.03,48.03,48.03,49.35,48.67,47.99,47.40,47.14,47.14,47.14,47.20,48.46,48.02,47.78,47.18,47.18,47.18,48.02,47.18,46.12,45.29,45.60,45.60,45.60,45.41,46.19,46.51,46.28,47.32,47.32,47.32,47.32,47.87,47.79
214.02,214.02,214.02,213.31,214.03,215.05,206.60,206.80,206.80,206.80,198.12,200.53,193.85,185.95,178.94,178.94,178.94,178.94,178.91,182.44,178.33,180.69,180.69,180.69,178.30,185.22,179.66,170.49,178.96,178.96,178.96,184.31,172.84,173.69,173.46,174.95,174.95,174.95,177.57,177.97,174.65,174.61,176.00,176.00,176.00,176.00,178.87,196.65,200.70,194.67,194.67,194.67,194.79,197.73,202.84,194.72,196.96,196.96,196.96,197.07,196.38,199.85,207.50,208.92,208.92,208.92,210.30,216.66,217.63,208.10,203.27,203.27,203.27,200.16,185.42,174.67,194.92,198.01,198.01,198.01,192.87,186.88,183.48,181.03,181.03,181.03,181.03,180.36,182.81,181.80,181.55,183.60,183.60,183.60,181.52,179.57,181.18,175.92,173.21,173.21,173.21,176.04,183.62,187.36,189.25,189.99,189.99,189.99,194.16,199.42,206.31,200.50,197.57,197.57,197.57,197.95,200.08,200.10,198.28,196.27,196.27,196.27,192.15,184.93,184.00,182.85,185.35,185.35,185.35,183.58,182.90,181.38,177.75,175.34,175.34,175.34,175.21,176.46,177.53,173.49,176.88,176.88,176.88,183.76,189.83,186.70,187.34,186.29,186.29,186.29,186.29,187.34,184.32
6.52,6.52,6.52,6.54,6.39,6.10,5.82,5.83,5.83,5.83,5.83,5.61,5.64,5.47,5.42,5.42,5.42,5.42,5.38,5.41,6.02,6.06,6.06,6.06,6.00,6.28,6.23,6.06,6.40,6.40,6.40,6.35,5.86,5.85,6.06,6.14,6.14,6.14,5.78,5.40,5.70,5.73,5.70,5.70,5.70,5.70,5.94,6.13,5.93,5.85,5.85,5.85,6.06,6.03,5.89,5.93,5.95,5.95,5.95,5.84,6.06,6.19,6.29,6.47,6.47,6.47,6.28,6.08,6.06,6.09,6.20,6.20,6.20,6.09,5.92,6.04,6.24,6.54,6.54,6.54,6.54,6.61,6.33,6.27,6.27,6.27,6.27,6.35,6.56,6.53,6.36,6.48,6.48,6.48,6.42,6.35,6.41,6.30,6.16,6.16,6.16,6.25,6.36,6.78,6.73,6.65,6.65,6.65,6.71,6.67,6.79,6.82,6.65,6.65,6.65,6.78,6.80,6.82,6.80,6.77,6.77,6.77,6.82,6.58,6.58,6.54,6.66,6.66,6.66,6.52,6.69,6.50,6.39,6.33,6.33,6.33,6.29,6.23,6.27,6.14,6.24,6.24,6.24,6.19,6.37,6.54,6.70,6.74,6.74,6.74,6.74,6.87,6.87
62.46,62.46,62.46,64.23,63.59,61.56,61.52,62.45,62.45,62.45,63.28,61.13,58.12,58.83,58.34,58.34,58.34,58.34,58.16,59.02,58.58,60.08,60.08,60.08,59.44,60.73,60.19,58.37,61.03,61.03,61.03,61.87,60.06,60.10,59.72,58.96,58.96,58.96,54.70,54.93,56.09,53.17,53.77,53.77,53.77,53.77,55.00,56.84,53.50,54.38,54.38,54.38,56.15,55.84,54.96,55.28,56.31,56.31,56.31,55.41,55.98,57.49,59.68,58.80,58.80,58.80,57.58,55.78,55.07,54.06,55.10,55.10,55.10,54.75,52.86,52.60,50.27,52.37,52.37,52.37,52.80,54.17,53.92,53.56,53.56,53.56,53.56,53.45,54.76,55.44,55.11,54.95,54.95,54.95,54.89,53.89,55.20,55.65,54.63,54.63,54.63,54.29,54.64,56.63,58.59,58.16,58.16,58.16,58.52,58.71,60.38,60.99,63.33,63.33,63.33,61.30,63.39,63.73,62.21,63.19,63.19,63.19,62.62,61.35,59.24,58.04,58.49,58.49,58.49,58.88,58.84,58.99,56.91,56.12,56.12,56.12,56.55,57.04,56.33,56.72,57.03,57.03,57.03,56.52,57.46,57.83,56.91,58.07,58.07,58.07,58.07,58.87,59.68
11.45,11.45,11.45,11.50,11.34,10.93,10.27,10.18,10.18,10.18,10.00,10.01,9.42,9.40,9.00,9.00,9.00,9.00,8.76,8.97,9.16,9.24,9.24,9.24,8.87,9.45,9.47,9.03,9.56,9.56,9.56,9.31,8.76,9.18,9.54,9.51,9.51,9.51,8.94,8.50,8.55,8.41,9.13,9.13,9.13,9.13,9.66,9.91,10.13,9.92,9.92,9.92,10.36,10.24,10.29,10.66,10.59,10.59,10.59,10.83,10.94,10.89,11.27,11.40,11.40,11.40,11.39,11.10,11.20,11.66,11.97,11.97,11.97,11.71,11.54,11.68,11.94,12.42,12.42,12.42,12.42,12.37,11.89,11.96,11.96,11.96,11.96,11.81,11.91,11.97,11.97,11.65,11.65,11.65,11.68,11.44,11.61,11.60,11.82,11.82,11.82,12.15,12.42,12.70,12.68,12.71,12.71,12.71,12.79,12.95,13.25,13.27,13.68,13.68,13.68,13.45,13.66,13.96,13.48,13.67,13.67,13.67,13.65,13.15,12.96,13.09,13.12,13.12,13.12,13.17,13.24,12.75,12.49,12.31,12.31,12.31,12.50,12.59,12.75,12.42,12.69,12.69,12.69,12.72,12.98,13.33,13.35,13.48,13.48,13.48,13.48,13.71,13.59
34.81,34.81,34.81,34.67,34.75,34.97,33.96,34.87,34.87,34.87,34.88,33.79,32.85,33.14,33.84,33.84,33.84,33.84,33.92,35.00,34.17,34.45,34.45,34.45,34.04,34.89,34.96,34.33,35.79,35.79,35.79,36.25,35.88,35.77,36.35,35.52,35.52,35.52,33.95,32.95,33.14,31.51,31.05,31.05,31.05,31.05,30.91,31.33,31.42,31.32,31.32,31.32,32.44,32.82,35.42,34.98,34.99,34.99,34.99,35.23,35.69,35.90,35.67,35.23,35.23,35.23,35.91,35.48,36.07,35.38,36.57,36.57,36.57,36.30,35.23,35.30,35.12,36.13,36.13,36.13,35.73,35.91,35.90,35.40,35.40,35.40,35.40,35.55,37.17,37.32,37.63,37.47,37.47,37.47,36.83,35.65,35.90,35.85,35.57,35.57,35.57,35.04,35.57,36.02,36.48,36.40,36.40,36.40,36.84,36.87,37.70,37.54,38.25,38.25,38.25,37.43,37.98,41.50,41.81,41.46,41.46,41.46,41.72,40.85,40.73,40.75,41.00,41.00,41.00,41.05,41.15,40.78,40.15,39.71,39.71,39.71,40.03,39.98,40.38,39.97,40.49,40.49,40.49,39.68,40.29,40.40,39.87,40.33,40.33,40.33,40.33,40.32,40.86
37.43,37.43,37.43,37.04,37.00,36.86,39.08,38.60,38.60,38.60,38.88,38.83,37.95,38.90,39.06,39.06,39.06,39.06,38.25,38.34,38.95,39.17,39.17,39.17,37.48,37.98,37.64,30.22,35.50,35.50,35.50,35.25,34.45,34.70,35.64,35.52,35.52,35.52,37.32,37.91,37.99,37.38,38.17,38.17,38.17,38.17,39.28,40.15,40.26,40.00,40.00,40.00,41.08,40.49,41.05,41.79,42.43,42.43,42.43,42.17,42.54,42.33,43.37,43.95,43.95,43.95,44.59,43.06,44.22,44.54,44.88,44.88,44.88,44.69,43.70,43.70,44.49,43.00,43.00,43.00,43.90,43.60,43.38,45.05,45.05,45.05,45.05,45.46,46.17,45.93,46.06,45.07,45.07,45.07,45.40,44.79,45.10,44.61,45.23,45.23,45.23,44.77,45.38,46.39,46.99,46.86,46.86,46.86,47.64,47.49,47.75,46.48,46.70,46.70,46.70,47.03,47.63,48.69,48.70,45.73,45.73,45.73,46.02,46.46,47.37,46.10,47.47,47.47,47.47,47.48,47.31,46.87,45.93,46.05,46.05,46.05,45.27,43.92,44.26,43.92,44.12,44.12,44.12,43.50,44.22,44.05,43.52,44.07,44.07,44.07,44.07,43.69,44.07
18.46,18.46,18.46,19.30,19.23,18.98,18.03,17.17,17.17,17.17,16.40,15.76,14.65,15.79,15.20,15.20,15.20,15.20,14.68,15.11,15.02,15.55,15.55,15.55,15.02,15.49,16.06,15.54,16.28,16.28,16.28,16.25,15.71,15.78,16.26,15.98,15.98,15.98,15.14,12.63,13.35,12.21,11.80,11.80,11.80,11.80,12.28,13.65,13.81,13.58,13.58,13.58,13.95,14.16,14.43,13.99,14.49,14.49,14.49,14.37,14.75,14.58,15.14,15.73,15.73,15.73,15.98,14.87,15.01,14.66,15.74,15.74,15.74,15.64,15.01,15.75,15.61,15.87,15.87,15.87,15.46,15.47,14.98,15.05,15.05,15.05,15.05,15.09,15.93,15.42,15.88,15.68,15.68,15.68,16.25,15.79,16.43,16.30,17.02,17.02,17.02,16.95,17.65,17.81,18.24,18.29,18.29,18.29,18.36,18.57,18.72,18.80,19.12,19.12,19.12,18.61,18.94,18.91,18.46,18.46,18.46,18.46,18.28,18.21,18.11,18.03,18.13,18.13,18.13,18.31,18.13,18.08,17.21,17.36,17.36,17.36,17.77,17.85,17.69,17.69,18.03,18.03,18.03,18.14,18.39,18.74,18.18,18.00,18.00,18.00,18.00,17.94,18.12
73.40,73.40,73.40,72.71,72.76,72.23,70.08,70.44,70.44,70.44,70.38,70.56,67.32,69.39,69.39,69.39,69.39,69.39,68.63,67.78,66.71,66.98,66.98,66.98,66.38,69.43,68.35,66.95,69.79,69.79,69.79,71.65,70.60,69.78,69.92,68.61,68.61,68.61,66.34,67.20,69.43,65.92,64.26,64.26,64.26,64.26,60.47,63.46,62.48,61.16,61.16,61.16,64.22,63.00,63.43,62.44,63.65,63.65,63.65,62.36,63.76,64.25,65.90,65.67,65.67,65.67,64.83,63.72,64.44,63.53,65.83,65.83,65.83,65.13,63.49,65.00,64.45,66.28,66.28,66.28,66.14,66.56,66.59,65.60,65.60,65.60,65.60,66.10,68.82,69.49,69.25,69.16,69.16,69.16,68.39,68.00,68.75,68.42,68.93,68.93,68.93,68.05,68.97,71.17,71.09,70.87,70.87,70.87,71.29,70.89,72.21,72.13,72.86,72.86,72.86,71.92,72.90,73.74,73.13,67.56,67.56,67.56,67.00,67.72,66.53,66.77,66.38,66.38,66.38,67.29,68.15,67.56,65.32,65.62,65.62,65.62,66.67,66.13,65.49,65.22,66.30,66.30,66.30,65.52,66.76,67.13,66.03,66.44,66.44,66.44,66.44,66.29,67.17
11.91,11.91,11.91,11.91,12.00,11.57,10.75,10.49,10.49,10.49,11.23,11.05,10.28,10.15,10.19,10.19,10.19,10.19,9.58,9.63,9.51,9.54,9.54,9.54,9.11,9.30,9.24,8.85,9.53,9.53,9.53,9.63,9.07,8.95,9.10,8.62,8.62,8.62,8.00,7.82,7.89,7.54,7.50,7.50,7.50,7.50,8.20,8.35,8.41,8.29,8.29,8.29,8.57,8.46,8.72,8.76,9.67,9.67,9.67,9.79,10.41,10.55,11.13,10.87,10.87,10.87,11.18,10.53,10.56,10.37,10.93,10.93,10.93,10.82,10.37,10.67,10.88,11.42,11.42,11.42,11.14,11.20,11.33,11.13,11.13,11.13,11.13,11.35,11.88,11.65,11.81,11.89,11.89,11.89,11.75,11.49,11.98,11.79,11.75,11.75,11.75,11.64,11.96,12.27,12.41,12.54,12.54,12.54,12.84,12.95,13.33,13.10,13.58,13.58,13.58,13.15,13.38,14.00,13.59,13.38,13.38,13.38,13.24,13.33,13.13,13.09,12.54,12.54,12.54,12.76,12.75,12.60,12.04,12.13,12.13,12.13,12.29,12.19,12.36,12.40,12.47,12.47,12.47,12.33,12.83,12.85,12.50,12.41,12.41,12.41,12.41,12.67,12.87
11.05,11.05,11.05,11.08,10.72,10.12,9.51,9.49,9.49,9.49,9.24,9.47,8.86,8.02,7.73,7.73,7.73,7.73,7.34,7.92,8.22,8.46,8.46,8.46,7.99,8.07,7.71,7.39,7.38,7.38,7.38,7.61,7.04,7.68,7.59,7.00,7.00,7.00,6.61,6.57,6.51,6.88,7.04,7.04,7.04,7.04,7.87,8.25,8.70,8.88,8.88,8.88,9.28,8.84,8.46,8.45,8.41,8.41,8.41,8.73,8.75,9.16,9.56,8.98,8.98,8.98,9.40,9.00,8.91,9.01,9.17,9.17,9.17,9.05,8.53,8.41,8.40,8.70,8.70,8.70,8.80,8.45,8.23,8.32,8.32,8.32,8.32,7.73,8.07,8.11,8.30,8.04,8.04,8.04,8.17,8.00,8.24,7.86,7.94,7.94,7.94,7.69,7.61,7.56,7.44,7.31,7.31,7.31,7.53,8.03,8.28,7.74,7.64,7.64,7.64,7.39,7.52,8.12,8.09,7.90,7.90,7.90,7.93,7.11,6.92,6.85,7.10,7.10,7.10,4.62,4.10,4.08,3.76,3.51,3.51,3.51,3.94,3.60,3.99,3.70,3.99,3.99,3.99,4.32,4.43,4.45,4.37,4.81,4.81,4.81,4.81,4.76,4.98
33.57,33.57,33.57,33.06,32.90,32.52,31.30,31.09,31.09,31.09,31.80,30.94,29.76,29.56,29.20,29.20,29.20,29.20,28.81,29.64,30.02,30.78,30.78,30.78,29.56,30.53,31.15,30.94,32.47,32.47,32.47,31.73,30.33,30.28,31.94,32.15,32.15,32.15,32.80,32.28,32.13,32.95,33.76,33.76,33.76,33.76,34.35,34.79,35.21,35.15,35.15,35.15,35.89,35.91,35.92,36.24,36.80,36.80,36.80,37.60,38.08,38.29,38.99,39.32,39.32,39.32,39.49,38.98,39.23,39.32,40.25,40.25,40.25,39.09,39.03,39.06,40.02,40.68,40.68,40.68,40.54,40.39,39.39,39.36,39.36,39.36,39.36,39.20,39.84,39.75,39.37,39.95,39.95,39.95,39.11,39.06,39.12,38.57,38.55,38.55,38.55,38.40,39.31,40.83,40.29,40.22,40.22,40.22,40.43,40.62,40.95,41.11,41.62,41.62,41.62,41.27,41.94,42.14,41.40,41.91,41.91,41.91,42.08,41.20,40.82,40.50,38.41,38.41,38.41,37.60,38.08,37.26,36.65,36.30,36.30,36.30,36.32,36.00,36.19,35.24,35.64,35.64,35.64,35.63,36.33,36.20,35.93,36.03,36.03,36.03,36.03,36.68,36.47
23.27,23.27,23.27,23.15,23.24,23.51,23.23,23.42,23.42,23.42,23.51,23.40,23.40,23.57,22.96,22.96,22.96,22.96,23.26,23.30,23.31,23.88,23.88,23.88,23.81,23.70,23.74,24.45,25.09,25.09,25.09,25.18,24.96,24.98,24.00,23.53,23.53,23.53,24.25,24.55,24.83,24.88,25.09,25.09,25.09,25.09,25.47,25.58,25.69,25.36,25.36,25.36,24.73,24.72,24.88,24.97,23.63,23.63,23.63,24.72,25.17,25.93,26.15,26.25,26.25,26.25,26.05,26.25,26.42,26.25,25.98,25.98,25.98,25.89,25.93,25.69,26.18,25.83,25.83,25.83,25.66,25.82,25.63,26.22,26.22,26.22,26.22,25.92,27.08,27.06,26.72,26.83,26.83,26.83,27.01,26.59,26.63,26.72,27.19,27.19,27.19,27.28,27.37,27.56,27.62,28.00,28.00,28.00,28.09,27.94,27.63,27.31,27.46,27.46,27.46,27.63,27.93,28.06,27.80,27.93,27.93,27.93,28.43,28.51,28.99,28.23,28.76,28.76,28.76,28.74,28.73,28.74,28.57,28.68,28.68,28.68,28.75,27.64,27.45,27.84,28.22,28.22,28.22,28.00,28.70,28.32,28.85,29.08,29.08,29.08,29.08,29.15,29.52
30.30,30.30,30.30,29.43,28.88,27.28,25.31,25.34,25.34,25.34,25.78,24.23,22.63,23.36,23.08,23.08,23.08,23.08,24.01,24.69,24.81,25.07,25.07,25.07,24.80,26.10,26.67,25.58,27.12,27.12,27.12,27.35,26.08,25.57,26.47,25.91,25.91,25.91,24.15,24.21,24.92,23.39,24.00,24.00,24.00,24.00,23.58,25.05,25.04,23.82,23.82,23.82,25.50,25.10,24.79,24.81,25.68,25.68,25.68,24.82,25.85,26.22,28.09,27.06,27.06,27.06,26.73,25.83,26.11,25.50,27.60,27.60,27.60,27.30,25.37,26.32,26.57,28.14,28.14,28.14,28.42,29.24,29.01,27.98,27.98,27.98,27.98,28.01,29.27,28.93,28.93,28.89,28.89,28.89,28.56,28.20,28.85,28.53,29.00,29.00,29.00,28.64,29.04,31.73,32.23,31.60,31.60,31.60,31.87,31.57,32.06,31.68,32.56,32.56,32.56,31.66,32.59,32.61,32.26,31.69,31.69,31.69,31.64,31.95,31.46,31.60,31.41,31.41,31.41,31.14,31.46,31.50,28.41,28.43,28.43,28.43,28.81,29.18,28.51,27.79,27.96,27.96,27.96,27.68,28.10,28.91,28.43,28.74,28.74,28.74,28.74,28.94,29.62
22.63,22.63,22.63,21.70,21.74,21.76,21.12,20.94,20.94,20.94,21.07,21.16,20.45,21.25,21.26,21.26,21.26,21.26,21.45,21.84,20.87,21.13,21.13,21.13,20.99,21.44,21.10,21.42,22.45,22.45,22.45,22.60,22.43,21.55,21.37,20.34,20.34,20.34,19.89,19.65,20.11,18.55,18.71,18.71,18.71,18.71,18.65,18.87,18.74,18.83,18.83,18.83,19.33,19.27,19.71,20.28,20.93,20.93,20.93,20.51,20.75,20.82,21.53,21.95,21.95,21.95,21.75,21.22,21.68,21.55,22.07,22.07,22.07,21.84,21.23,21.34,21.20,21.88,21.88,21.88,21.53,21.63,21.64,21.58,21.58,21.58,21.58,22.30,22.91,22.80,22.64,23.01,23.01,23.01,22.71,22.45,22.88,23.07,22.92,22.92,22.92,22.26,22.52,23.14,23.23,23.23,23.23,23.23,22.80,22.78,23.10,22.91,23.19,23.19,23.19,23.16,23.40,23.47,23.17,22.56,22.56,22.56,22.50,22.60,22.35,22.13,21.92,21.92,21.92,22.14,21.54,22.38,20.81,20.50,20.50,20.50,20.50,20.30,20.27,20.05,20.00,20.00,20.00,19.78,19.97,19.93,19.58,19.69,19.69,19.69,19.69,19.85,19.97
29.65,29.65,29.65,29.40,29.52,29.35,29.58,29.51,29.51,29.51,29.74,29.81,29.62,29.97,29.35,29.35,29.35,29.35,29.87,30.21,30.38,30.87,30.87,30.87,29.87,30.27,30.48,31.47,32.60,32.60,32.60,32.26,32.52,32.41,32.39,32.07,32.07,32.07,33.56,33.17,32.98,33.01,32.60,32.60,32.60,32.60,33.56,33.18,33.53,34.99,34.99,34.99,36.43,36.63,36.55,37.00,35.86,35.86,35.86,36.26,36.27,37.38,36.91,37.19,37.19,37.19,36.98,37.12,37.50,37.48,36.53,36.53,36.53,35.87,36.19,35.94,36.28,35.60,35.60,35.60,35.36,35.41,35.46,35.77,35.77,35.77,35.77,35.71,36.25,36.94,36.35,36.61,36.61,36.61,36.77,36.41,36.44,36.64,36.42,36.42,36.42,36.10,36.08,36.01,36.48,37.18,37.18,37.18,37.50,37.83,36.55,36.13,36.26,36.26,36.26,35.89,37.07,36.60,34.00,34.41,34.41,34.41,34.87,34.57,34.80,33.85,34.37,34.37,34.37,34.33,34.77,34.00,34.00,33.96,33.96,33.96,34.16,32.77,32.66,32.89,32.76,32.76,32.76,33.19,34.69,33.88,34.53,34.40,34.40,34.40,34.40,34.49,34.97
61.70,61.70,61.70,61.59,61.92,61.51,61.02,60.58,60.58,60.58,61.46,61.10,60.61,60.50,59.59,59.59,59.59,59.59,60.20,60.91,60.69,61.25,61.25,61.25,60.22,61.28,61.01,61.50,63.15,63.15,63.15,63.80,64.25,63.33,63.17,60.50,60.50,60.50,61.01,60.45,60.90,60.18,61.29,61.29,61.29,61.29,61.47,61.72,62.59,61.85,61.85,61.85,61.56,61.80,63.54,64.14,64.95,64.95,64.95,64.13,64.08,65.00,64.50,64.69,64.69,64.69,64.61,63.37,64.12,63.36,65.41,65.41,65.41,65.46,66.01,66.57,65.93,61.40,61.40,61.40,60.67,60.15,59.77,60.05,60.05,60.05,60.05,61.25,61.79,61.77,62.30,62.64,62.64,62.64,62.14,61.79,62.48,62.17,62.65,62.65,62.65,62.54,63.15,63.21,63.16,63.39,63.39,63.39,64.10,64.15,63.87,64.28,63.96,63.96,63.96,64.01,64.56,64.61,64.53,64.45,64.45,64.45,64.95,64.22,64.56,64.16,64.59,64.59,64.59,64.74,64.99,64.32,63.43,63.10,63.10,63.10,63.46,62.85,62.81,62.11,62.62,62.62,62.62,61.93,63.28,62.81,61.94,61.90,61.90,61.90,61.90,61.93,62.49
38.01,38.01,38.01,38.30,38.47,38.75,38.64,38.81,38.81,38.81,39.08,39.04,38.67,38.92,39.43,39.43,39.43,39.43,39.61,39.70,39.48,40.45,40.45,40.45,40.13,40.89,41.10,41.22,42.93,42.93,42.93,43.07,42.05,41.78,41.38,40.84,40.84,40.84,42.42,42.17,42.32,42.07,41.90,41.90,41.90,41.90,42.15,41.75,41.98,41.67,41.67,41.67,42.17,42.07,42.30,42.88,40.79,40.79,40.79,41.69,41.37,42.51,42.04,42.01,42.01,42.01,42.40,42.86,43.29,43.15,43.18,43.18,43.18,43.02,42.01,42.83,43.76,43.06,43.06,43.06,42.52,42.90,42.63,43.50,43.50,43.50,43.50,43.05,45.15,44.78,45.10,45.16,45.16,45.16,44.46,43.81,43.66,43.92,44.49,44.49,44.49,44.75,45.00,45.14,45.52,46.27,46.27,46.27,46.87,46.34,45.94,45.60,46.08,46.08,46.08,46.27,46.72,47.07,46.89,47.02,47.02,47.02,47.78,47.73,48.21,47.53,47.89,47.89,47.89,48.75,49.50,48.98,48.57,49.04,49.04,49.04,48.95,46.62,46.77,46.69,46.85,46.85,46.85,46.64,48.21,47.96,48.25,48.44,48.44,48.44,48.44,48.23,49.51
26.54,26.54,26.54,26.14,26.23,26.29,26.24,25.90,25.90,25.90,26.03,25.93,25.55,25.99,25.65,25.65,25.65,25.65,25.98,26.10,26.19,27.10,27.10,27.10,26.48,26.64,26.48,27.48,29.00,29.00,29.00,29.25,29.19,29.17,28.36,27.58,27.58,27.58,28.74,28.56,28.37,28.42,28.37,28.37,28.37,28.37,28.31,28.01,28.28,28.01,28.01,28.01,27.79,28.15,28.55,28.78,27.51,27.51,27.51,28.02,27.89,27.72,27.50,27.95,27.95,27.95,29.40,30.28,30.82,30.63,30.75,30.75,30.75,30.22,30.03,30.36,30.74,30.59,30.59,30.59,29.92,30.21,29.86,30.96,30.96,30.96,30.96,30.86,32.04,31.14,30.85,31.50,31.50,31.50,31.67,31.05,31.32,31.64,32.12,32.12,32.12,32.97,33.37,33.82,34.51,35.75,35.75,35.75,36.08,36.86,35.77,35.37,35.58,35.58,35.58,35.70,36.27,36.08,36.05,36.58,36.58,36.58,37.25,37.25,37.82,37.54,37.98,37.98,37.98,38.32,38.35,37.24,37.22,36.86,36.86,36.86,37.04,35.23,35.46,36.24,35.79,35.79,35.79,35.46,37.24,36.30,36.95,37.23,37.23,37.23,37.23,36.95,37.88
24.94,24.94,24.94,24.76,24.84,24.99,24.62,24.69,24.69,24.69,24.80,24.89,24.58,24.77,24.53,24.53,24.53,24.53,24.85,24.83,24.81,24.90,24.90,24.90,24.70,24.83,24.75,25.49,26.67,26.67,26.67,26.60,26.86,27.54,26.89,26.72,26.72,26.72,27.84,27.76,27.39,27.73,27.79,27.79,27.79,27.79,27.93,27.91,28.08,28.40,28.40,28.40,28.48,28.21,28.19,27.98,26.78,26.78,26.78,27.78,27.58,28.18,27.73,27.97,27.97,27.97,28.06,28.71,29.77,29.51,29.40,29.40,29.40,30.10,29.47,29.73,30.49,29.95,29.95,29.95,29.62,29.70,29.47,29.66,29.66,29.66,29.66,29.50,30.97,30.41,30.52,30.48,30.48,30.48,30.32,29.87,29.70,29.76,30.32,30.32,30.32,30.30,30.67,30.70,31.06,32.10,32.10,32.10,32.96,33.28,32.49,31.25,28.73,28.73,28.73,29.65,29.60,29.36,29.50,29.65,29.65,29.65,30.07,28.92,29.60,28.84,29.28,29.28,29.28,29.38,29.44,29.06,29.23,29.47,29.47,29.47,29.44,26.85,26.81,27.32,27.27,27.27,27.27,27.34,28.22,27.36,27.65,27.53,27.53,27.53,27.53,27.00,28.22
41.95,41.95,41.95,40.50,40.79,41.35,40.49,40.46,40.46,40.46,40.81,40.92,40.44,40.79,40.12,40.12,40.12,40.12,41.02,40.14,40.18,41.03,41.03,41.03,40.80,41.13,41.25,43.86,45.40,45.40,45.40,46.11,46.54,45.91,45.16,44.16,44.16,44.16,45.65,46.23,46.38,46.43,46.48,46.48,46.48,46.48,45.95,46.05,46.54,46.56,46.56,46.56,46.84,46.97,47.18,46.87,42.53,42.53,42.53,42.41,41.98,42.44,41.47,41.73,41.73,41.73,41.38,41.39,41.54,41.29,41.01,41.01,41.01,40.62,39.57,38.92,38.72,39.48,39.48,39.48,38.98,39.49,38.92,38.97,38.97,38.97,38.97,38.75,39.51,39.81,39.36,39.86,39.86,39.86,39.80,39.23,38.76,38.79,38.90,38.90,38.90,39.06,39.11,39.28,39.57,40.58,40.58,40.58,41.03,42.03,40.87,39.46,40.47,40.47,40.47,40.51,40.92,40.96,41.51,41.69,41.69,41.69,42.81,41.81,42.48,39.60,40.78,40.78,40.78,40.70,39.73,40.62,39.73,40.08,40.08,40.08,39.80,38.70,37.94,37.92,38.10,38.10,38.10,37.94,39.06,38.22,38.81,38.98,38.98,38.98,38.98,39.06,39.83
27.70,27.70,27.70,26.39,26.82,27.25,27.14,27.44,27.44,27.44,27.86,27.16,26.98,27.17,26.74,26.74,26.74,26.74,26.83,27.09,27.29,28.32,28.32,28.32,27.97,28.04,27.59,28.76,30.31,30.31,30.31,31.10,31.31,31.05,29.59,29.22,29.22,29.22,29.32,29.66,30.30,29.51,29.32,29.32,29.32,29.32,29.35,29.12,29.11,29.10,29.10,29.10,28.93,28.81,29.16,29.13,27.86,27.86,27.86,28.25,27.97,27.78,27.38,27.68,27.68,27.68,27.19,27.07,27.40,26.81,26.73,26.73,26.73,26.18,26.07,26.07,25.52,26.96,26.96,26.96,26.52,26.47,25.62,26.06,26.06,26.06,26.06,26.15,27.20,27.48,27.96,27.60,27.60,27.60,27.73,27.07,27.36,27.51,27.37,27.37,27.37,27.23,27.55,27.58,27.83,28.77,28.77,28.77,29.38,29.45,28.70,26.54,27.04,27.04,27.04,27.29,27.56,27.38,26.80,26.99,26.99,26.99,27.06,27.31,27.70,28.64,28.86,28.86,28.86,28.43,28.48,27.89,27.42,27.42,27.42,27.42,27.57,26.26,26.39,26.84,27.50,27.50,27.50,27.18,28.87,28.28,28.25,28.68,28.68,28.68,28.68,28.20,28.53
4.80,4.80,4.80,4.78,4.64,4.63,4.53,4.55,4.55,4.55,4.49,4.36,4.34,4.49,4.35,4.35,4.35,4.35,4.33,4.11,4.09,4.18,4.18,4.18,4.04,4.01,4.05,4.05,3.98,3.98,3.98,3.77,4.09,4.26,4.26,4.22,4.22,4.22,4.13,4.26,4.30,4.30,4.37,4.37,4.37,4.37,4.30,4.45,4.46,4.40,4.40,4.40,4.47,4.48,4.56,4.81,4.79,4.79,4.79,4.64,4.59,4.62,4.74,4.70,4.70,4.70,4.71,4.73,4.75,4.82,4.81,4.81,4.81,4.85,4.85,4.83,4.83,4.89,4.89,4.89,4.88,4.87,4.73,4.78,4.78,4.78,4.78,4.73,4.73,4.65,4.51,4.53,4.53,4.53,4.45,4.36,4.49,4.44,4.44,4.44,4.44,4.37,4.35,4.32,4.34,4.51,4.51,4.51,4.37,4.49,4.59,4.66,4.61,4.61,4.61,4.70,4.69,4.64,4.66,4.64,4.64,4.64,4.45,4.48,4.46,4.41,4.49,4.49,4.49,4.50,4.40,4.33,4.47,4.50,4.50,4.50,4.63,4.44,4.49,4.45,4.50,4.50,4.50,4.45,4.58,4.46,4.52,4.46,4.46,4.46,4.46,4.49,4.54
,,,,,,,,,,,,,,,,,,,,,,,,,,,,,,,,,,,,,,,,,,,,,,,,,,,,,,,,,,,,,,,,,,,,,,,,,,,,,,,,,,,,,,,,,,,,,,,,,,,,,,,,,,,,,,,,,,,,,,,,,,,,,,,,,,,,,,,,,,,,,,,,,,,,,,,,