6/2/16,6/3/16,6/4/16,6/5/16,6/6/16,6/7/16,6/8/16,6/9/16,6/10/16,6/11/16,6/12/16,6/13/16,6/14/16,6/15/16,6/16/16,6/17/16,6/18/16,6/19/16,6/20/16,6/21/16,6/22/16,6/23/16,6/24/16,6/25/16,6/26/16,6/27/16,6/28/16,6/29/16,6/30/16,7/1/16,7/2/16,7/3/16,7/4/16,7/5/16,7/6/16,7/7/16,7/8/16,7/9/16,7/10/16,7/11/16,7/12/16,7/13/16,7/14/16,7/15/16,7/16/16,7/17/16,7/18/16,7/19/16,7/20/16,7/21/16,7/22/16,7/23/16,7/24/16,7/25/16,7/26/16,7/27/16,7/28/16,7/29/16,7/30/16,7/31/16,8/1/16,8/2/16,8/3/16,8/4/16,8/5/16,8/6/16,8/7/16,8/8/16,8/9/16,8/10/16,8/11/16,8/12/16,8/13/16,8/14/16,8/15/16,8/16/16,8/17/16,8/18/16,8/19/16,8/20/16,8/21/16,8/22/16,8/23/16,8/24/16,8/25/16,8/26/16,8/27/16,8/28/16,8/29/16,8/30/16,8/31/16,9/1/16,9/2/16,9/3/16,9/4/16,9/5/16,9/6/16,9/7/16,9/8/16,9/9/16,9/10/16,9/11/16,9/12/16,9/13/16,9/14/16,9/15/16,9/16/16,9/17/16,9/18/16,9/19/16,9/20/16,9/21/16,9/22/16,9/23/16,9/24/16,9/25/16,9/26/16,9/27/16,9/28/16,9/29/16,9/30/16,10/1/16,10/2/16,10/3/16,10/4/16,10/5/16,10/6/16,10/7/16,10/8/16,10/9/16,10/10/16,10/11/16,10/12/16,10/13/16,10/14/16,10/15/16,10/16/16,10/17/16,10/18/16,10/19/16,10/20/16,10/21/16,10/22/16,10/23/16,10/24/16,10/25/16,10/26/16,10/27/16,10/28/16,10/29/16,10/30/16,10/31/16,11/1/16,11/2/16,11/3/16,11/4/16,11/5/16,11/6/16,11/7/16,11/8/16,11/9/16,11/10/16,11/11/16,11/12/16,11/13/16,11/14/16,11/15/16,11/16/16,11/17/16,11/18/16,11/19/16,11/20/16,11/21/16,11/22/16,11/23/16,11/24/16,11/25/16,11/26/16,11/27/16,11/28/16,11/29/16,11/30/16,12/1/16,12/2/16,12/3/16,12/4/16,12/5/16,12/6/16,12/7/16,12/8/16,12/9/16,12/10/16,12/11/16,12/12/16,12/13/16,12/14/16,12/15/16,12/16/16,12/17/16,12/18/16,12/19/16,12/20/16,12/21/16,12/22/16,12/23/16,12/24/16,12/25/16,12/26/16,12/27/16,12/28/16,12/29/16,12/30/16,12/31/16
121.17,121.35,121.35,121.35,122.00,121.90,122.11,122.79,122.36,122.36,122.36,122.99,122.51,122.25,122.47,122.27,122.27,122.27,123.42,122.63,120.62,121.21,119.44,119.44,119.44,116.30,118.50,119.49,120.34,120.40,120.40,120.40,120.40,120.76,120.63,120.92,121.31,121.31,121.31,122.00,122.25,122.82,123.93,123.61,123.61,123.61,123.80,126.50,126.06,127.18,128.26,128.26,128.26,127.40,121.71,119.48,119.42,117.65,117.65,117.65,118.01,117.70,117.52,118.30,119.21,119.21,119.21,118.29,118.31,118.80,119.38,119.52,119.52,119.52,118.52,117.94,117.10,117.13,115.01,115.01,115.01,115.42,115.19,114.87,115.43,114.44,114.44,114.44,115.41,115.36,115.66,115.40,115.83,115.83,115.83,115.83,117.25,116.92,116.17,114.58,114.58,114.58,115.95,114.73,115.18,116.14,115.28,115.28,115.28,115.21,116.45,116.93,117.36,117.17,117.17,117.17,116.53,116.88,115.18,114.79,115.36,115.36,115.36,114.64,113.50,113.41,113.92,113.45,113.45,113.45,114.71,113.68,114.71,115.41,114.09,114.09,114.09,112.41,111.25,111.26,110.57,113.93,113.93,113.93,113.57,112.72,112.11,112.08,112.10,112.10,112.10,112.57,112.25,112.39,111.72,111.04,111.04,111.04,112.82,114.11,114.98,114.51,114.22,114.22,114.22,117.86,118.32,119.21,119.45,120.00,120.00,120.00,119.50,119.69,120.14,120.14,120.66,120.66,120.66,121.82,120.68,119.27,118.47,118.24,118.24,118.24,119.29,119.25,119.92,120.45,121.26,121.26,121.26,121.74,122.68,122.84,122.36,123.24,123.24,123.24,122.99,123.33,123.18,123.72,123.14,123.14,123.14,123.14,123.07,122.68,122.79,121.72,121.72
54.53,53.45,53.45,53.45,54.30,53.55,54.12,54.94,55.11,55.11,55.11,54.91,54.12,54.31,53.47,53.71,53.71,53.71,54.36,54.77,54.57,54.12,52.59,52.59,52.59,51.89,53.09,55.13,55.20,55.61,55.61,55.61,55.61,55.20,55.80,55.92,56.72,56.72,56.72,56.83,58.06,57.99,58.49,57.87,57.87,57.87,57.74,57.76,57.76,56.99,56.73,56.73,56.73,57.14,56.37,55.79,55.45,55.50,55.50,55.50,55.41,54.92,54.75,54.79,55.85,55.85,55.85,55.98,55.77,55.13,56.73,56.45,56.45,56.45,56.77,56.88,56.86,57.21,58.90,58.90,58.90,58.66,59.62,60.22,59.24,59.00,59.00,59.00,58.63,58.00,57.64,58.54,58.02,58.02,58.02,58.02,57.41,57.72,56.17,55.33,55.33,55.33,56.01,55.37,55.13,55.47,55.18,55.18,55.18,54.95,54.87,55.34,55.41,55.15,55.15,55.15,54.40,55.34,53.25,52.16,52.65,52.65,52.65,52.67,52.14,52.12,52.03,51.79,51.79,51.79,51.79,51.82,52.44,52.03,51.62,51.62,51.62,51.03,51.22,51.80,51.89,51.77,51.77,51.77,51.87,51.05,51.97,51.89,52.02,52.02,52.02,50.18,49.62,49.72,49.73,49.96,49.96,49.96,50.91,51.08,51.12,50.39,50.77,50.77,50.77,50.21,50.13,50.68,51.59,51.10,51.10,51.10,51.28,51.71,51.34,51.34,51.52,51.52,51.52,51.01,50.63,50.07,50.65,50.46,50.46,50.46,51.85,50.57,52.10,51.55,51.72,51.72,51.72,51.54,52.30,51.79,51.29,50.92,50.92,50.92,50.85,51.79,52.30,52.14,51.91,51.91,51.91,51.91,51.29,51.02,51.06,50.83,50.83
54.62,54.61,54.61,54.61,55.59,55.30,55.22,55.58,54.87,54.87,54.87,55.04,55.57,55.35,55.53,55.31,55.31,55.31,55.38,55.81,55.61,56.13,54.68,54.68,54.68,53.69,54.85,56.74,57.12,56.99,56.99,56.99,56.99,56.77,56.75,56.91,56.51,56.51,56.51,56.32,57.48,56.48,57.59,57.41,57.41,57.41,56.92,56.76,57.54,57.60,57.90,57.90,57.90,57.95,58.31,57.85,58.21,58.05,58.05,58.05,57.63,56.73,55.94,55.42,55.90,55.90,55.90,55.36,55.20,55.62,55.47,55.47,55.47,55.47,55.25,55.37,55.80,55.53,54.94,54.94,54.94,55.85,56.40,57.09,57.29,57.29,57.29,57.29,56.80,56.40,56.23,56.31,56.18,56.18,56.18,56.18,56.02,56.32,55.30,54.35,54.35,54.35,54.71,53.98,53.90,54.11,53.74,53.74,53.74,53.01,53.30,53.98,54.39,54.43,54.43,54.43,54.04,54.19,53.98,53.45,54.14,54.14,54.14,53.84,53.53,53.35,53.14,53.46,53.46,53.46,53.30,52.92,53.16,52.95,53.08,53.08,53.08,52.76,52.61,53.15,53.59,53.63,53.63,53.63,54.18,53.67,53.63,53.59,53.53,53.53,53.53,53.07,52.50,52.98,51.77,52.75,52.75,52.75,54.49,54.62,54.58,53.57,53.93,53.93,53.93,54.22,54.59,55.44,55.85,55.77,55.77,55.77,56.10,57.12,57.59,57.59,57.43,57.43,57.43,57.59,58.17,57.97,58.51,57.21,57.21,57.21,57.50,57.44,58.76,58.65,58.75,58.75,58.75,58.77,59.31,58.75,57.71,57.66,57.66,57.66,57.65,57.70,57.44,57.11,57.01,57.01,57.01,57.01,56.86,56.35,56.32,55.52,55.52
66.41,65.49,65.49,65.49,65.94,65.89,66.26,65.71,64.97,64.97,64.97,63.67,61.07,61.42,61.93,61.86,61.86,61.86,62.30,62.29,61.95,63.25,60.06,60.06,60.06,57.67,57.90,59.63,60.76,60.69,60.69,60.69,60.69,59.15,59.48,59.81,61.49,61.49,61.49,62.16,63.00,63.10,63.61,63.78,63.78,63.78,63.99,64.16,64.48,63.43,64.28,64.28,64.28,64.33,64.37,64.59,64.79,64.46,64.46,64.46,64.13,63.47,63.83,63.94,65.52,65.52,65.52,65.83,65.39,64.74,65.48,65.38,65.38,65.38,65.63,65.30,65.68,65.63,65.53,65.53,65.53,65.36,65.68,65.16,65.00,64.79,64.79,64.79,65.52,65.45,65.58,64.86,65.19,65.19,65.19,65.19,65.76,66.19,66.24,65.12,65.12,65.12,65.90,64.36,63.48,63.83,63.66,63.66,63.66,64.06,63.72,64.28,64.63,63.85,63.85,63.85,63.42,64.28,64.22,63.37,64.04,64.04,64.04,63.81,63.91,64.36,61.94,61.76,61.76,61.76,61.90,60.86,60.69,60.41,60.15,60.15,60.15,59.90,60.08,61.25,66.78,67.36,67.36,67.36,67.09,66.74,66.80,66.93,66.45,66.45,66.45,66.42,66.25,65.45,65.33,65.51,65.51,65.51,67.00,67.07,68.74,70.11,70.50,70.50,70.50,72.42,72.47,71.68,71.78,71.00,71.00,71.00,71.54,71.72,72.88,72.88,72.86,72.86,72.86,72.13,71.49,72.04,72.53,71.86,71.86,71.86,72.03,72.31,74.29,74.91,74.77,74.77,74.77,73.58,73.84,74.07,74.94,75.00,75.00,75.00,74.55,75.06,75.32,74.58,74.97,74.97,74.97,74.97,74.98,74.37,73.92,74.08,74.08
73.38,71.60,71.60,71.60,72.85,72.35,72.10,70.87,70.04,70.04,70.04,69.00,64.43,64.64,64.25,64.19,64.19,64.19,64.28,64.25,63.93,65.60,61.88,61.88,61.88,58.15,59.66,61.92,63.51,62.96,62.96,62.96,62.96,60.86,61.28,61.89,64.71,64.71,64.71,66.26,67.85,67.94,68.85,68.15,68.15,68.15,68.12,67.73,67.61,67.99,67.03,67.03,67.03,67.34,67.69,67.91,67.48,67.08,67.08,67.08,67.03,66.30,66.55,66.20,68.10,68.10,68.10,68.17,67.78,66.85,67.94,68.00,68.00,68.00,68.61,68.62,68.29,68.21,68.56,68.56,68.56,68.68,68.79,68.62,68.77,69.16,69.16,69.16,69.63,70.33,71.60,71.08,71.64,71.64,71.64,71.64,70.99,71.77,72.28,71.65,71.65,71.65,72.50,71.22,70.59,70.99,70.21,70.21,70.21,70.98,70.56,71.68,72.14,71.28,71.28,71.28,70.81,71.80,71.75,70.36,71.83,71.83,71.83,72.13,72.76,73.70,73.04,73.05,73.05,73.05,73.33,72.16,72.06,71.07,71.53,71.53,71.53,71.78,71.99,73.62,74.51,74.89,74.89,74.89,75.40,75.39,75.43,74.80,74.63,74.63,74.63,74.04,73.23,72.61,72.32,73.10,73.10,73.10,74.84,72.84,76.30,79.23,80.99,80.99,80.99,83.76,82.15,80.22,81.56,82.01,82.01,82.01,83.21,82.59,84.62,84.62,84.57,84.57,84.57,83.24,82.60,84.04,86.61,86.00,86.00,86.00,86.71,87.84,89.58,90.61,90.45,90.45,90.45,89.42,89.45,88.95,90.36,89.67,89.67,89.67,90.04,90.62,90.44,89.19,89.68,89.68,89.68,89.68,89.76,88.19,87.11,87.24,87.24
68.52,68.03,68.03,68.03,67.85,67.31,67.56,67.22,66.49,66.49,66.49,65.96,65.38,65.72,65.59,66.47,66.47,66.47,67.84,67.71,67.75,68.95,63.91,63.91,63.91,61.21,62.59,64.90,66.46,67.79,67.79,67.79,67.79,67.09,67.85,68.36,69.85,69.85,69.85,70.12,71.26,70.12,70.45,70.20,70.20,70.20,70.39,70.15,69.87,70.38,70.99,70.99,70.99,71.21,71.67,70.54,71.53,71.70,71.70,71.70,71.19,70.59,71.31,72.21,72.71,72.71,72.71,72.54,71.85,71.86,72.10,71.94,71.94,71.94,72.88,72.78,73.01,72.96,73.97,73.97,73.97,73.01,73.13,72.48,73.03,72.80,72.80,72.80,73.08,72.33,71.33,71.13,70.96,70.96,70.96,70.96,70.09,70.40,70.03,67.16,67.16,67.16,68.82,68.41,68.49,69.29,68.69,68.69,68.69,68.34,69.94,70.14,69.75,68.44,68.44,68.44,67.15,67.05,67.38,67.10,67.33,67.33,67.33,67.45,67.11,67.47,67.51,67.14,67.14,67.14,67.39,66.61,66.91,67.27,67.45,67.45,67.45,66.92,67.83,67.96,67.40,67.14,67.14,67.14,67.38,67.21,66.69,66.92,67.44,67.44,67.44,68.70,68.32,68.40,69.24,69.61,69.61,69.61,71.10,73.02,74.08,73.42,73.39,73.39,73.39,77.24,77.71,77.57,77.47,77.14,77.14,77.14,77.29,77.85,78.08,78.08,78.52,78.52,78.52,78.07,79.11,78.78,79.82,79.20,79.20,79.20,81.00,82.08,83.92,83.49,83.55,83.55,83.55,83.91,84.40,83.94,84.33,86.05,86.05,86.05,84.86,85.10,84.85,83.73,84.09,84.09,84.09,84.09,84.14,83.36,83.32,82.68,82.68
78.98,78.14,78.14,78.14,78.67,79.24,80.98,81.03,79.55,79.55,79.55,77.95,78.01,77.81,77.66,77.43,77.43,77.43,78.57,78.75,79.30,79.75,76.72,76.72,76.72,74.43,75.93,77.05,77.01,76.66,76.66,76.66,76.66,76.11,76.17,76.99,78.21,78.21,78.21,78.16,78.40,79.55,78.31,78.71,78.71,78.71,79.55,79.36,80.53,80.63,80.35,80.35,80.35,79.70,79.66,77.98,77.88,77.13,77.13,77.13,75.52,75.04,75.71,75.25,75.84,75.84,75.84,76.25,76.14,76.48,77.12,76.64,76.64,76.64,77.42,76.11,74.02,74.66,74.51,74.51,74.51,74.79,74.97,74.02,75.02,74.26,74.26,74.26,74.96,76.12,75.55,75.16,76.51,76.51,76.51,76.51,76.15,78.13,77.98,75.94,75.94,75.94,77.05,76.16,75.13,75.39,75.29,75.29,75.29,75.85,74.95,75.44,76.38,76.12,76.12,76.12,74.91,75.13,75.43,75.26,75.63,75.63,75.63,74.55,74.50,74.74,74.60,74.23,74.23,74.23,75.95,75.76,76.89,80.29,80.32,80.32,80.32,80.39,82.02,81.83,82.01,81.74,81.74,81.74,81.72,80.96,78.93,79.31,77.31,77.31,77.31,76.53,75.40,75.10,73.41,75.33,75.33,75.33,79.62,80.88,72.16,72.06,69.58,69.58,69.58,71.94,74.00,73.54,74.66,72.39,72.39,72.39,72.94,70.09,71.00,71.00,71.39,71.39,71.39,70.44,71.52,70.89,71.20,70.31,70.31,70.31,70.58,71.20,71.96,72.54,73.25,73.25,73.25,73.97,73.95,73.07,74.46,74.16,74.16,74.16,73.50,73.35,73.52,73.96,74.46,74.46,74.46,74.46,74.37,73.56,73.89,74.02,74.02
82.46,82.61,82.61,82.61,83.19,83.64,84.19,83.73,82.50,82.50,82.50,82.57,82.49,82.82,82.92,83.55,83.55,83.55,84.05,84.29,83.89,85.90,82.15,82.15,82.15,79.33,81.20,82.64,82.92,83.53,83.53,83.53,83.53,83.04,84.17,84.31,85.76,85.76,85.76,86.44,86.23,85.74,88.27,87.49,87.49,87.49,87.60,87.56,87.87,87.90,90.10,90.10,90.10,90.34,89.25,89.72,90.26,89.42,89.42,89.42,89.42,88.31,88.37,88.42,88.74,88.74,88.74,89.09,89.04,88.46,89.98,89.96,89.96,89.96,89.94,89.80,89.88,90.76,89.31,89.31,89.31,89.80,90.30,89.75,89.94,89.53,89.53,89.53,90.76,90.78,90.71,90.76,91.26,91.26,91.26,91.26,91.25,90.60,88.89,86.97,86.97,86.97,88.66,86.71,86.93,87.79,88.04,88.04,88.04,88.39,88.81,89.63,90.47,90.64,90.64,90.64,89.52,89.86,90.22,89.81,90.81,90.81,90.81,90.92,90.28,88.62,87.44,87.72,87.72,87.72,87.39,88.25,88.94,89.37,89.18,89.18,89.18,86.73,86.16,87.24,86.20,86.97,86.97,86.97,87.80,85.73,85.73,85.36,85.72,85.72,85.72,86.28,60.69,59.70,60.15,59.81,59.81,59.81,62.01,62.00,61.87,61.34,60.70,60.70,60.70,60.70,60.70,60.40,60.76,62.36,62.36,62.36,62.00,62.73,63.15,63.15,63.34,63.34,63.34,63.11,63.54,63.39,62.69,62.42,62.42,62.42,63.06,63.46,64.44,64.36,64.49,64.49,64.49,64.74,64.62,63.88,63.81,64.25,64.25,64.25,64.04,64.22,64.19,64.05,63.81,63.81,63.81,63.81,64.03,63.72,63.63,63.33,63.33
48.00,47.96,47.96,47.96,48.06,48.86,48.98,48.96,47.95,47.95,47.95,47.73,48.06,48.46,48.72,48.37,48.37,48.37,48.61,48.51,48.58,49.46,46.51,46.51,46.51,45.08,46.96,47.84,48.57,48.78,48.78,48.78,48.78,48.02,48.17,48.11,48.86,48.86,48.86,48.59,49.29,48.97,48.72,48.69,48.69,48.69,48.31,48.04,48.83,48.62,48.98,48.98,48.98,48.97,49.56,49.16,49.39,52.46,52.46,52.46,53.97,53.82,53.51,53.28,53.75,53.75,53.75,54.16,54.15,54.19,54.47,54.89,54.89,54.89,54.89,54.39,53.95,54.00,53.80,53.80,53.80,53.85,54.46,53.84,53.70,53.87,53.87,53.87,53.91,53.55,53.08,53.22,53.57,53.57,53.57,53.57,54.04,53.63,52.47,50.40,50.40,50.40,50.54,49.67,50.06,50.83,50.99,50.99,50.99,51.14,51.61,52.50,52.36,51.97,51.97,51.97,51.35,52.40,52.14,52.01,52.66,52.66,52.66,52.25,51.60,52.57,52.32,51.91,51.91,51.91,51.34,50.34,51.42,52.12,52.25,52.25,52.25,52.41,52.68,52.61,52.47,52.50,52.50,52.50,52.48,51.63,50.86,50.20,49.40,49.40,49.40,48.02,48.16,47.65,47.61,47.54,47.54,47.54,49.16,50.41,49.60,47.66,47.45,47.45,47.45,46.51,47.05,46.93,47.56,46.74,46.74,46.74,47.57,48.10,48.17,48.17,48.46,48.46,48.46,47.59,47.47,47.01,45.44,45.68,45.68,45.68,45.70,45.68,45.65,45.19,45.53,45.53,45.53,46.48,47.30,46.64,46.68,46.18,46.18,46.18,45.70,45.61,46.17,45.54,45.39,45.39,45.39,45.39,45.49,45.37,45.30,44.65,44.65
77.63,76.37,76.37,76.37,76.19,76.49,76.02,76.24,73.93,73.93,73.93,72.88,71.99,73.81,73.62,74.64,74.64,74.64,76.13,76.46,76.12,77.15,70.08,70.08,70.08,65.95,65.63,67.83,67.15,69.11,69.11,69.11,69.11,67.31,66.40,66.79,68.38,68.38,68.38,69.56,72.99,72.58,71.88,70.39,70.39,70.39,71.04,70.10,71.92,72.36,72.98,72.98,72.98,73.04,73.04,73.26,73.24,72.44,72.44,72.44,71.86,67.35,68.77,73.30,74.48,74.48,74.48,73.98,68.98,69.86,71.04,70.80,70.80,70.80,71.50,71.58,71.52,70.12,69.43,69.43,69.43,69.84,71.67,71.04,70.00,69.75,69.75,69.75,69.98,70.13,71.11,72.71,70.01,70.01,70.01,70.01,69.08,66.90,66.04,65.98,65.98,65.98,67.52,67.60,67.68,67.34,66.32,66.32,66.32,65.48,68.41,67.86,70.99,71.99,71.99,71.99,71.45,74.35,74.21,74.25,74.95,74.95,74.95,74.57,75.22,74.85,74.84,73.69,73.69,73.69,73.71,72.33,72.38,72.07,69.98,69.98,69.98,68.79,70.05,70.82,70.48,69.37,69.37,69.37,70.35,70.63,69.90,68.05,74.47,74.47,74.47,76.87,76.22,75.03,76.09,75.23,75.23,75.23,76.48,77.56,79.01,80.35,81.75,81.75,81.75,84.06,82.97,82.41,82.87,82.95,82.95,82.95,82.67,82.50,82.59,82.59,83.02,83.02,83.02,81.50,82.92,80.97,79.30,79.56,79.56,79.56,81.05,81.15,83.15,85.78,86.19,86.19,86.19,85.56,85.50,85.72,85.54,84.03,84.03,84.03,82.55,85.40,85.21,84.24,84.25,84.25,84.25,84.25,83.80,83.02,82.96,82.04,82.04
57.15,56.46,56.46,56.46,57.31,57.35,57.39,56.80,56.30,56.30,56.30,55.52,53.27,53.12,52.59,52.80,52.80,52.80,53.18,53.28,53.27,54.28,51.79,51.79,51.79,50.71,51.15,52.51,53.59,53.69,53.69,53.69,53.69,52.33,52.88,53.22,54.98,54.98,54.98,55.64,56.69,56.71,57.44,57.42,57.42,57.42,57.09,56.98,56.30,56.10,56.59,56.59,56.59,56.63,56.53,56.66,56.88,56.84,56.84,56.84,56.34,55.53,56.33,56.51,57.79,57.79,57.79,57.96,57.91,57.44,58.05,58.17,58.17,58.17,58.21,58.00,58.08,58.12,57.87,57.87,57.87,57.73,58.07,57.81,58.01,58.46,58.46,58.46,59.15,59.65,60.00,59.60,60.02,60.02,60.02,60.02,59.67,59.54,59.72,58.74,58.74,58.74,59.57,58.03,57.45,57.69,57.09,57.09,57.09,57.25,56.96,57.44,57.80,57.39,57.39,57.39,56.73,57.07,57.05,56.02,56.55,56.55,56.55,56.61,56.51,57.10,56.67,56.40,56.40,56.40,56.46,55.49,55.51,54.51,54.82,54.82,54.82,54.47,54.81,55.36,55.56,55.35,55.35,55.35,56.41,56.14,56.89,56.72,56.57,56.57,56.57,56.33,56.06,55.72,56.02,56.07,56.07,56.07,57.74,57.26,60.29,63.60,64.57,64.57,64.57,66.70,66.33,65.25,66.01,66.24,66.24,66.24,66.63,67.16,68.28,68.28,68.41,68.41,68.41,67.75,67.62,67.77,68.06,67.26,67.26,67.26,67.45,68.38,71.62,72.05,72.82,72.82,72.82,71.68,71.84,71.23,72.47,71.69,71.69,71.69,72.18,73.18,72.89,72.42,72.64,72.64,72.64,72.64,72.82,71.91,71.85,72.09,72.09
75.20,76.46,76.46,76.46,75.83,75.97,76.71,77.47,77.50,77.50,77.50,77.66,78.02,77.81,78.68,78.17,78.17,78.17,77.60,78.15,78.26,78.94,79.93,79.93,79.93,81.71,82.12,82.32,84.51,84.10,84.10,84.10,84.10,84.76,84.07,82.58,83.36,83.36,83.36,82.76,81.29,82.00,81.73,81.59,81.59,81.59,81.45,81.72,81.59,81.15,82.84,82.84,82.84,82.83,82.23,81.47,82.06,82.58,82.58,82.58,82.84,82.07,81.17,80.15,78.48,78.48,78.48,77.65,77.74,78.11,77.83,77.76,77.76,77.76,76.54,75.53,76.96,77.40,76.44,76.44,76.44,76.63,76.49,76.26,76.27,74.80,74.80,74.80,75.43,74.03,73.99,73.36,74.80,74.80,74.80,74.80,75.90,76.00,75.73,72.49,72.49,72.49,73.49,72.96,73.27,73.72,74.33,74.33,74.33,75.18,75.15,76.77,77.36,76.49,76.49,76.49,76.68,76.15,76.23,74.98,74.84,74.84,74.84,74.06,71.91,71.17,71.20,70.64,70.64,70.64,71.38,70.49,71.29,71.76,71.73,71.73,71.73,71.74,72.42,71.66,71.75,71.59,71.59,71.59,72.09,72.64,72.51,72.32,72.53,72.53,72.53,74.04,73.05,72.49,72.09,70.59,70.59,70.59,71.35,72.42,72.25,71.03,71.28,71.28,71.28,70.61,71.62,71.95,71.79,71.83,71.83,71.83,72.44,74.14,72.49,72.49,74.36,74.36,74.36,74.90,75.98,72.47,71.72,72.52,72.52,72.52,72.52,72.22,72.66,73.05,73.02,73.02,73.02,73.74,74.15,71.94,71.98,72.88,72.88,72.88,73.31,73.19,72.80,72.44,72.95,72.95,72.95,72.95,73.08,71.98,72.72,72.36,72.36
39.77,38.80,38.80,38.80,38.38,39.15,39.22,38.64,37.85,37.85,37.85,37.80,37.45,38.32,38.29,38.84,38.84,38.84,39.40,40.41,40.29,40.43,38.48,38.48,38.48,37.41,38.54,39.86,40.74,40.73,40.73,40.73,40.73,39.97,40.02,40.57,41.56,41.56,41.56,41.98,42.59,42.01,42.18,42.30,42.30,42.30,43.37,43.28,43.04,42.72,42.93,42.93,42.93,43.26,43.13,43.10,42.80,43.11,43.11,43.11,43.46,41.67,41.75,41.40,42.03,42.03,42.03,41.45,40.52,39.60,39.87,39.33,39.33,39.33,39.72,39.45,39.22,39.46,40.31,40.31,40.31,39.76,40.47,39.87,39.83,38.91,38.91,38.91,38.99,38.59,38.18,38.39,38.15,38.15,38.15,38.15,37.84,38.53,37.42,36.59,36.59,36.59,37.25,36.29,35.47,35.87,35.04,35.04,35.04,35.94,35.84,36.03,36.62,36.04,36.04,36.04,35.57,35.65,35.90,36.21,36.56,36.56,36.56,36.54,36.77,36.65,36.57,36.50,36.50,36.50,36.67,36.25,36.53,36.29,35.86,35.86,35.86,34.88,35.22,35.83,35.91,35.55,35.55,35.55,36.00,35.65,35.72,35.52,35.72,35.72,35.72,35.89,36.68,35.47,35.30,35.34,35.34,35.34,36.27,36.04,36.36,36.72,36.99,36.99,36.99,37.98,37.44,37.62,37.97,38.00,38.00,38.00,38.15,38.48,38.38,38.38,38.35,38.35,38.35,37.83,37.40,36.39,36.28,36.23,36.23,36.23,37.48,37.86,38.22,38.64,38.58,38.58,38.58,38.08,38.09,37.74,36.36,35.32,35.32,35.32,35.28,35.82,35.66,34.24,34.36,34.36,34.36,34.36,34.44,35.14,35.01,35.02,35.02
86.73,85.79,85.79,85.79,86.24,86.95,87.11,87.07,85.92,85.92,85.92,85.06,85.44,86.02,85.89,85.42,85.42,85.42,86.15,85.82,85.87,86.20,82.37,82.37,82.37,80.61,82.76,83.07,83.99,83.90,83.90,83.90,83.90,82.33,83.01,83.11,84.71,84.71,84.71,85.50,86.25,85.54,85.26,85.50,85.50,85.50,79.82,81.08,81.33,80.94,80.40,80.40,80.40,81.15,80.88,80.96,80.99,81.23,81.23,81.23,81.02,80.40,80.81,80.57,81.89,81.89,81.89,81.74,81.51,82.12,82.85,82.42,82.42,82.42,81.79,80.85,81.06,80.67,80.69,80.69,80.69,80.72,82.14,81.21,80.82,81.36,81.36,81.36,81.59,82.22,81.74,81.62,82.91,82.91,82.91,82.91,82.71,82.64,81.30,79.93,79.93,79.93,79.96,77.90,77.72,77.75,77.27,77.27,77.27,77.33,77.37,78.97,79.40,80.16,80.16,80.16,79.37,79.87,79.61,79.39,79.33,79.33,79.33,80.54,80.42,80.44,80.48,79.30,79.30,79.30,79.78,78.69,77.64,76.62,76.16,76.16,76.16,81.82,81.45,80.90,82.47,82.81,82.81,82.81,83.88,83.30,82.54,82.81,83.27,83.27,83.27,83.41,82.21,81.06,81.28,81.12,81.12,81.12,82.63,83.30,83.43,83.90,84.59,84.59,84.59,87.20,85.43,85.32,85.95,84.28,84.28,84.28,85.63,86.26,86.89,86.89,87.94,87.94,87.94,85.45,86.62,85.39,84.13,83.98,83.98,83.98,84.38,84.44,86.52,86.73,86.01,86.01,86.01,85.90,85.50,85.08,82.88,80.87,80.87,80.87,79.82,80.97,80.01,78.72,78.36,78.36,78.36,78.36,78.20,77.62,77.93,77.79,77.79
99.41,98.50,98.50,98.50,98.69,101.11,101.32,100.79,100.45,100.45,100.45,100.15,101.54,101.60,101.20,103.19,103.19,103.19,100.29,101.81,100.72,101.70,92.29,92.29,92.29,87.69,88.28,91.28,90.64,91.79,91.79,91.79,91.79,89.10,89.93,88.96,89.75,89.75,89.75,94.10,96.50,94.88,92.02,92.22,92.22,92.22,96.66,95.17,94.18,93.89,95.77,95.77,95.77,97.41,103.47,102.24,104.66,97.95,97.95,97.95,97.93,96.92,97.66,98.25,97.51,97.51,97.51,100.05,100.19,99.59,102.66,99.75,99.75,99.75,103.74,101.42,101.33,99.68,97.38,97.38,97.38,97.10,96.39,90.81,90.51,89.85,89.85,89.85,90.72,90.15,89.32,93.17,92.38,92.38,92.38,92.38,92.79,94.35,95.78,98.41,98.41,98.41,104.01,103.71,107.25,108.68,108.57,108.57,108.57,103.96,103.49,103.00,102.29,102.14,102.14,102.14,100.81,100.74,101.66,100.59,97.42,97.42,97.42,99.28,96.38,97.94,97.74,97.01,97.01,97.01,98.67,97.70,96.43,94.95,93.37,93.37,93.37,93.10,92.98,95.52,96.00,95.27,95.27,95.27,96.80,95.57,95.75,94.18,94.18,94.18,94.18,94.55,98.23,96.52,87.53,88.04,88.04,88.04,87.86,86.67,87.84,85.30,84.98,84.98,84.98,84.51,86.87,86.57,90.44,92.35,92.35,92.35,97.38,98.10,101.32,101.32,101.55,101.55,101.55,102.00,99.79,101.99,99.27,98.64,98.64,98.64,98.37,102.18,101.99,90.72,91.88,91.88,91.88,91.50,93.50,92.16,90.88,91.90,91.90,91.90,90.12,88.31,89.27,88.25,88.34,88.34,88.34,88.34,88.24,87.08,87.17,86.51,86.51
175.03,173.81,173.81,173.81,174.83,177.93,181.11,179.69,177.52,177.52,177.52,175.01,174.86,176.30,174.43,175.64,175.64,175.64,177.73,177.18,178.20,178.80,162.57,162.57,162.57,154.46,161.04,163.89,166.64,167.27,167.27,167.27,167.27,163.96,166.42,167.88,171.38,171.38,171.38,172.72,173.72,173.79,174.19,175.51,175.51,175.51,178.02,179.35,183.67,182.72,187.61,187.61,187.61,190.26,189.98,190.62,192.38,192.36,192.36,192.36,192.13,189.38,187.83,189.21,189.56,189.56,189.56,189.56,189.24,186.78,187.12,185.97,185.97,185.97,184.86,183.02,182.13,184.58,182.87,182.87,182.87,183.76,186.24,181.57,180.58,181.02,181.02,181.02,181.34,179.25,178.64,177.65,177.98,177.98,177.98,177.98,178.61,182.25,174.80,166.72,166.72,166.72,169.92,166.72,164.33,165.10,162.75,162.75,162.75,161.83,160.44,162.69,164.35,162.17,162.17,162.17,160.61,162.81,162.29,160.35,162.16,162.16,162.16,162.07,162.27,164.10,166.26,163.49,163.49,163.49,161.56,161.03,160.83,160.78,160.75,160.75,160.75,163.01,162.29,166.47,166.07,167.18,167.18,167.18,170.46,152.09,149.52,147.69,150.82,150.82,150.82,149.82,150.57,150.76,150.99,152.79,152.79,152.79,154.93,157.93,160.74,165.00,162.95,162.95,162.95,162.93,165.27,162.12,163.27,161.05,161.05,161.05,162.81,163.98,165.32,165.32,165.61,165.61,165.61,162.63,163.58,162.44,162.61,166.84,166.84,166.84,170.00,169.40,173.80,172.31,173.73,173.73,173.73,176.20,178.14,175.99,173.81,174.08,174.08,174.08,174.57,177.93,181.04,181.01,181.95,181.95,181.95,181.95,183.65,182.82,183.19,181.77,181.77
46.55,45.73,45.73,45.73,45.40,45.91,45.46,45.61,44.53,44.53,44.53,43.83,43.22,43.36,43.30,43.38,43.38,43.38,44.22,44.46,44.24,44.23,40.38,40.38,40.38,38.21,38.44,39.28,39.84,41.06,41.06,41.06,41.06,40.51,40.30,40.59,42.06,42.06,42.06,43.16,44.55,43.98,42.77,41.19,41.19,41.19,41.16,40.14,41.19,41.12,41.11,41.11,41.11,41.69,41.87,42.13,42.96,42.60,42.60,42.60,42.46,39.76,40.45,41.66,43.10,43.10,43.10,42.96,37.91,37.30,38.78,38.44,38.44,38.44,38.37,37.63,38.66,38.70,38.21,38.21,38.21,37.68,37.68,36.86,36.18,35.80,35.80,35.80,35.52,35.85,35.89,37.05,35.61,35.61,35.61,35.61,35.31,34.97,34.40,34.50,34.50,34.50,35.25,35.29,35.96,36.24,35.75,35.75,35.75,35.34,36.31,36.30,37.17,37.42,37.42,37.42,36.72,37.69,37.44,37.16,37.70,37.70,37.70,37.78,38.05,38.26,38.64,38.46,38.46,38.46,38.48,37.95,38.08,37.79,37.33,37.33,37.33,37.47,38.25,38.11,38.74,37.99,37.99,37.99,38.06,37.73,37.97,35.71,38.24,38.24,38.24,38.87,37.70,37.49,37.21,37.00,37.00,37.00,37.83,39.13,35.53,37.97,38.42,38.42,38.42,41.34,40.17,39.57,39.83,39.68,39.68,39.68,39.59,40.25,39.98,39.98,40.58,40.58,40.58,40.10,40.71,39.81,38.85,39.28,39.28,39.28,40.64,41.25,42.66,44.02,44.50,44.50,44.50,43.99,43.90,44.03,45.14,44.13,44.13,44.13,43.06,44.92,44.93,43.38,43.51,43.51,43.51,43.51,43.69,42.93,42.66,42.53,42.53
137.37,135.38,135.38,135.38,136.96,137.84,138.74,138.00,135.17,135.17,135.17,132.03,133.41,132.14,131.82,131.25,131.25,131.25,132.64,132.66,134.84,138.28,136.30,136.30,136.30,129.36,132.08,133.44,134.10,133.54,133.54,133.54,133.54,132.35,133.31,134.74,137.16,137.16,137.16,137.24,136.55,136.61,135.10,135.23,135.23,135.23,135.80,135.88,136.00,137.31,138.23,138.23,138.23,136.64,138.28,130.60,129.98,129.53,129.53,129.53,128.22,125.28,127.94,127.67,127.25,127.25,127.25,126.88,126.16,126.22,126.82,126.37,126.37,126.37,126.31,122.68,120.84,120.90,121.29,121.29,121.29,121.58,121.48,120.35,120.12,119.45,119.45,119.45,121.19,121.03,120.53,118.82,120.70,120.70,120.70,120.70,119.67,122.20,121.55,120.11,120.11,120.11,122.40,121.39,120.55,122.00,123.51,123.51,123.51,123.27,122.50,122.80,124.25,122.93,122.93,122.93,121.07,121.72,122.96,122.18,123.22,123.22,123.22,120.77,120.90,120.08,119.99,120.16,120.16,120.16,122.38,121.09,121.85,124.67,123.36,123.36,123.36,123.46,125.85,123.84,124.49,123.56,123.56,123.56,124.42,121.60,119.09,122.35,120.53,120.53,120.53,120.71,120.29,120.90,118.65,120.35,120.35,120.35,124.89,128.06,119.26,121.00,118.74,118.74,118.74,121.15,122.40,120.10,123.89,122.66,122.66,122.66,123.06,121.28,122.08,122.08,123.17,123.17,123.17,122.75,123.18,123.02,124.09,124.65,124.65,124.65,124.78,126.37,111.36,112.48,112.07,112.07,112.07,111.98,108.99,101.55,108.57,107.08,107.08,107.08,106.64,106.37,106.75,106.82,107.93,107.93,107.93,107.93,107.17,106.14,106.40,106.38,106.38
67.80,67.75,67.75,67.75,67.35,67.45,67.39,68.33,67.81,67.81,67.81,67.73,68.08,67.49,67.53,67.47,67.47,67.47,67.71,67.20,67.18,67.98,66.84,66.84,66.84,64.94,65.24,65.96,63.34,63.00,63.00,63.00,63.00,61.49,62.22,62.07,62.03,62.03,62.03,62.62,62.80,62.68,63.15,62.48,62.48,62.48,62.31,62.38,62.68,61.99,62.56,62.56,62.56,63.14,60.72,59.68,61.13,61.56,61.56,61.56,61.70,60.26,60.72,61.05,62.42,62.42,62.42,62.17,62.31,61.54,62.67,62.75,62.75,62.75,62.37,62.27,62.42,62.62,61.63,61.63,61.63,61.48,62.46,62.96,63.00,61.19,61.19,61.19,61.24,60.88,61.64,61.89,62.33,62.33,62.33,62.33,62.57,62.93,62.42,61.45,61.45,61.45,63.06,62.60,61.67,62.12,61.95,61.95,61.95,61.39,61.48,62.36,61.99,63.05,63.05,63.05,62.47,61.52,61.14,60.63,61.32,61.32,61.32,61.36,61.72,61.56,60.95,61.63,61.63,61.63,62.36,62.40,62.80,62.18,62.23,62.23,62.23,62.57,63.03,63.37,62.88,63.07,63.07,63.07,63.31,61.72,61.16,61.52,62.61,62.61,62.61,64.79,64.34,64.62,63.80,63.86,63.86,63.86,65.50,65.61,68.58,69.31,70.12,70.12,70.12,72.51,73.07,71.60,72.47,72.84,72.84,72.84,73.14,74.00,74.49,74.49,74.95,74.95,74.95,73.93,72.88,73.30,75.79,75.04,75.04,75.04,76.71,77.25,78.59,78.94,78.60,78.60,78.60,78.09,76.86,76.40,75.76,75.53,75.53,75.53,75.68,75.74,75.74,74.57,74.48,74.48,74.48,74.48,74.37,73.68,73.78,72.72,72.72
18.51,17.69,17.69,17.69,18.14,18.26,18.13,17.82,17.54,17.54,17.54,17.03,16.08,16.41,16.41,16.38,16.38,16.38,16.63,16.36,16.26,16.82,15.83,15.83,15.83,14.90,15.28,15.94,17.07,16.70,16.70,16.70,16.70,15.77,15.73,15.91,16.63,16.63,16.63,16.74,17.17,17.12,17.18,17.28,17.28,17.28,17.47,17.37,17.41,17.52,17.43,17.43,17.43,17.63,17.85,17.66,17.88,18.04,18.04,18.04,17.64,17.65,18.00,18.30,18.65,18.65,18.65,18.61,18.66,18.65,18.88,18.97,18.97,18.97,19.28,19.50,19.40,19.44,19.46,19.46,19.46,19.50,19.57,19.59,19.74,19.71,19.71,19.71,19.82,19.99,20.04,19.58,19.82,19.82,19.82,19.82,19.79,20.02,19.89,19.32,19.32,19.32,19.73,19.34,19.40,19.50,19.20,19.20,19.20,19.18,19.13,19.20,19.34,19.08,19.08,19.08,18.84,19.15,19.38,19.24,19.47,19.47,19.47,19.67,19.75,19.98,19.85,19.76,19.76,19.76,19.90,19.65,19.55,19.23,19.30,19.30,19.30,19.33,19.38,19.47,19.38,19.36,19.36,19.36,19.49,19.55,18.81,18.68,18.37,18.37,18.37,18.07,17.76,17.64,17.42,17.16,17.16,17.16,17.49,16.84,17.34,18.12,18.36,18.36,18.36,19.03,19.21,18.96,19.27,19.41,19.41,19.41,19.47,19.65,19.95,19.95,19.78,19.78,19.78,19.49,19.27,19.42,19.70,19.57,19.57,19.57,19.71,19.63,19.85,20.32,20.40,20.40,20.40,20.04,19.90,19.67,19.89,19.91,19.91,19.91,19.67,19.80,19.74,19.54,19.71,19.71,19.71,19.71,19.85,19.44,19.20,19.02,19.02
97.33,96.85,96.85,96.85,96.79,97.20,96.80,97.21,96.65,96.65,96.65,95.22,94.38,97.38,96.72,98.63,98.63,98.63,100.44,101.48,100.77,102.74,93.55,93.55,93.55,84.91,89.58,92.82,94.23,95.03,95.03,95.03,95.03,92.45,94.55,94.91,97.32,97.32,97.32,97.75,99.40,98.58,98.77,98.51,98.51,98.51,99.07,98.27,100.19,99.60,99.80,99.80,99.80,100.60,101.12,100.47,99.62,101.06,101.06,101.06,99.92,96.51,95.69,96.47,98.63,98.63,98.63,98.50,96.59,98.14,103.05,104.00,104.00,104.00,105.05,105.18,105.05,106.50,107.99,107.99,107.99,107.22,109.55,108.82,107.37,107.58,107.58,107.58,108.73,107.92,107.76,108.18,108.56,108.56,108.56,108.56,108.39,110.19,108.77,107.15,107.15,107.15,108.65,106.73,106.93,107.48,107.19,107.19,107.19,108.05,107.87,109.28,108.81,108.60,108.60,108.60,105.80,106.37,106.83,106.66,110.50,110.50,110.50,111.54,112.19,111.17,111.91,114.00,114.00,114.00,113.97,112.64,111.46,111.31,110.34,110.34,110.34,110.44,110.22,111.33,110.51,109.36,109.36,109.36,108.77,105.53,105.57,105.10,105.89,105.89,105.89,106.98,106.53,106.73,102.87,104.32,104.32,104.32,107.70,107.11,107.05,112.30,112.08,112.08,112.08,105.68,108.60,108.10,110.13,106.37,106.37,106.37,107.96,108.45,109.02,109.02,108.69,108.69,108.69,108.07,106.03,105.94,107.99,102.45,102.45,102.45,106.96,106.49,111.36,108.24,106.50,106.50,106.50,102.40,102.01,100.02,93.94,91.98,91.98,91.98,91.71,92.42,92.50,90.36,90.04,90.04,90.04,90.04,90.47,90.01,90.87,90.24,90.24
123.25,122.21,122.21,122.21,124.36,124.82,126.39,127.48,126.25,126.25,126.25,124.79,126.36,126.38,126.95,127.29,127.29,127.29,127.49,127.33,125.32,127.25,124.97,124.97,124.97,122.08,124.53,126.88,131.38,132.59,132.59,132.59,132.59,133.93,134.98,133.86,135.11,135.11,135.11,136.00,135.65,135.42,135.64,135.70,135.70,135.70,135.55,135.55,136.89,144.66,148.78,148.78,148.78,147.69,146.13,147.23,147.25,147.30,147.30,147.30,147.52,145.45,146.16,146.50,146.18,146.18,146.18,144.70,144.92,145.00,146.02,146.13,146.13,146.13,145.15,143.97,144.57,147.13,147.28,147.28,147.28,150.07,150.48,149.82,150.24,148.35,148.35,148.35,149.99,149.43,149.57,149.01,151.00,151.00,151.00,151.00,150.18,150.48,149.24,146.13,146.13,146.13,150.21,149.66,150.30,151.79,150.03,150.03,150.03,151.51,151.94,152.61,154.08,154.26,154.26,154.26,153.49,153.63,152.78,151.75,151.85,151.85,151.85,151.58,151.47,150.97,151.13,150.84,150.84,150.84,153.19,152.38,152.24,150.31,151.12,151.12,151.12,152.01,159.45,165.02,165.40,166.36,166.36,166.36,166.53,164.89,164.80,165.94,167.92,167.92,167.92,169.24,167.56,167.25,166.17,166.76,166.76,166.76,168.21,168.89,170.36,161.11,159.62,159.62,159.62,157.17,161.34,161.57,161.57,164.31,164.31,164.31,166.46,168.47,170.56,170.56,172.26,172.26,172.26,170.04,170.87,168.04,168.70,168.00,168.00,168.00,166.29,169.09,167.72,164.53,163.57,163.57,163.57,161.87,161.86,161.99,159.78,160.04,160.04,160.04,161.23,161.10,162.63,161.33,161.57,161.57,161.57,161.57,161.97,161.25,162.36,159.24,159.24
133.68,134.02,134.02,134.02,133.34,135.43,135.24,139.20,142.52,142.52,142.52,139.38,137.96,138.07,137.79,136.10,136.10,136.10,137.31,136.92,138.47,140.86,135.43,135.43,135.43,133.70,134.34,135.78,138.23,138.72,138.72,138.72,138.72,138.33,138.70,139.60,140.23,140.23,140.23,142.65,144.80,143.79,143.58,143.94,143.94,143.94,143.57,143.93,144.31,143.54,144.53,144.53,144.53,144.32,142.80,141.77,143.37,143.07,143.07,143.07,143.20,143.50,142.60,143.88,143.97,143.97,143.97,155.46,152.11,157.60,156.60,156.27,156.27,156.27,156.97,154.48,154.10,156.52,157.57,157.57,157.57,158.19,160.66,159.76,160.16,158.11,158.11,158.11,158.92,158.81,158.43,160.50,161.38,161.38,161.38,161.38,162.27,162.53,162.26,158.49,158.49,158.49,160.69,159.17,159.67,161.60,160.70,160.70,160.70,160.89,159.91,161.26,161.96,160.56,160.56,160.56,155.80,155.86,156.77,157.00,156.88,156.88,156.88,156.85,156.62,156.13,155.57,155.79,155.79,155.79,154.81,154.07,153.59,153.34,153.41,153.41,153.41,153.19,155.27,154.67,157.54,158.04,158.04,158.04,159.03,156.27,156.12,155.23,156.67,156.67,156.67,159.44,157.62,156.43,156.62,155.72,155.72,155.72,158.88,159.50,155.07,154.44,156.19,156.19,156.19,155.35,155.94,157.35,157.78,155.81,155.81,155.81,160.83,164.01,164.62,164.62,166.01,166.01,166.01,163.87,162.01,158.40,155.60,157.92,157.92,157.92,160.73,161.85,162.73,160.92,167.99,167.99,167.99,166.00,163.38,163.60,160.42,161.64,161.64,161.64,161.63,160.98,161.12,163.25,162.48,162.48,162.48,162.48,163.00,161.84,162.09,161.31,161.31
36.56,36.40,36.40,36.40,36.81,37.77,39.04,38.66,38.38,38.38,38.38,37.45,37.19,37.76,36.42,37.22,37.22,37.22,38.11,38.36,37.69,38.32,37.38,37.38,37.38,35.92,37.52,39.75,40.13,40.43,40.43,40.43,40.43,39.20,39.85,40.52,40.43,40.43,40.43,40.30,41.80,41.51,41.54,41.68,41.68,41.68,41.69,41.92,42.16,42.64,42.85,42.85,42.85,43.59,41.36,39.72,39.65,39.46,39.46,39.46,39.44,37.97,38.91,38.95,40.03,40.03,40.03,39.74,39.31,39.09,40.94,41.09,41.09,41.09,42.24,42.33,41.67,42.06,43.01,43.01,43.01,42.98,43.59,43.15,42.23,42.12,42.12,42.12,42.11,41.56,39.63,39.75,38.56,38.56,38.56,38.56,38.93,39.92,39.35,38.36,38.36,38.36,39.26,38.33,38.25,38.56,38.91,38.91,38.91,38.74,38.61,39.61,39.90,39.45,39.45,39.45,38.60,39.19,39.38,38.60,38.68,38.68,38.68,38.63,38.49,38.41,37.82,37.78,37.78,37.78,38.28,38.12,38.52,38.18,38.49,38.49,38.49,37.63,38.30,38.82,38.41,37.94,37.94,37.94,37.90,32.89,31.81,31.40,30.94,30.94,30.94,31.10,30.52,30.79,30.30,30.80,30.80,30.80,31.26,31.33,31.59,31.57,31.82,31.82,31.82,31.17,31.94,32.10,32.31,30.95,30.95,30.95,30.87,30.83,30.71,30.71,30.60,30.60,30.60,31.17,30.90,30.80,30.47,30.03,30.03,30.03,30.43,30.94,32.27,32.94,32.99,32.99,32.99,32.26,32.27,31.67,31.00,30.39,30.39,30.39,30.11,30.01,30.05,29.39,29.29,29.29,29.29,29.29,29.31,29.42,29.23,29.05,29.05
18.89,18.79,18.79,18.79,18.70,19.37,19.70,19.58,19.22,19.22,19.22,18.83,18.59,18.72,18.67,19.05,19.05,19.05,19.09,19.10,18.87,19.16,18.40,18.40,18.40,18.01,18.56,19.00,19.49,19.48,19.48,19.48,19.48,19.27,19.66,19.97,20.48,20.48,20.48,20.41,20.49,20.43,20.37,20.37,20.37,20.37,20.46,20.37,20.42,21.51,21.85,21.85,21.85,21.94,22.10,22.11,21.72,21.18,21.18,21.18,21.44,20.95,21.01,21.04,21.54,21.54,21.54,21.26,21.29,21.22,21.39,21.15,21.15,21.15,21.42,21.36,21.07,21.14,21.19,21.19,21.19,21.32,21.93,21.57,21.57,21.19,21.19,21.19,21.18,21.36,21.37,21.10,20.88,20.88,20.88,20.88,20.84,21.08,20.88,20.04,20.04,20.04,20.21,19.83,19.88,19.99,19.57,19.57,19.57,19.87,19.29,19.41,19.86,19.81,19.81,19.81,19.77,19.89,20.14,19.81,20.04,20.04,20.04,20.04,20.09,20.45,20.34,19.94,19.94,19.94,19.93,19.68,19.75,19.40,19.43,19.43,19.43,19.40,19.81,19.88,19.20,19.06,19.06,19.06,19.09,18.57,18.58,18.19,18.51,18.51,18.51,18.60,18.63,18.31,18.01,18.24,18.24,18.24,18.60,18.31,18.04,18.69,18.32,18.32,18.32,18.64,18.66,18.44,18.94,18.84,18.84,18.84,18.91,18.82,18.99,18.99,19.27,19.27,19.27,19.10,19.29,18.86,18.39,18.31,18.31,18.31,18.28,18.68,19.31,19.85,19.60,19.60,19.60,19.83,19.70,19.09,18.73,18.83,18.83,18.83,18.91,19.09,19.15,18.55,18.38,18.38,18.38,18.38,18.62,18.45,18.50,18.38,18.38
29.04,28.82,28.82,28.82,28.87,29.58,29.75,29.43,28.59,28.59,28.59,27.78,27.34,27.53,27.51,27.82,27.82,27.82,27.76,27.42,27.17,27.59,26.56,26.56,26.56,25.46,26.11,26.59,26.91,27.06,27.06,27.06,27.06,26.44,27.08,27.23,28.24,28.24,28.24,27.94,27.78,27.70,27.46,27.40,27.40,27.40,27.69,27.69,27.92,28.00,28.28,28.28,28.28,28.65,29.14,28.67,28.55,28.01,28.01,28.01,27.90,27.25,27.50,27.43,27.82,27.82,27.82,27.85,27.89,27.93,28.07,27.97,27.97,27.97,28.86,28.76,28.48,28.62,28.78,28.78,28.78,29.33,31.91,31.03,31.24,30.74,30.74,30.74,30.90,31.25,31.09,30.62,30.72,30.72,30.72,30.72,30.97,31.00,30.56,29.31,29.31,29.31,29.89,29.13,28.97,29.68,29.37,29.37,29.37,29.39,28.97,29.05,29.22,29.19,29.19,29.19,29.27,29.30,29.41,29.56,29.86,29.86,29.86,29.53,29.38,29.39,29.53,29.25,29.25,29.25,29.34,29.15,29.02,28.62,28.55,28.55,28.55,28.41,28.61,28.94,28.71,28.53,28.53,28.53,28.76,28.22,28.07,27.20,27.41,27.41,27.41,27.44,27.09,27.06,27.12,27.42,27.42,27.42,27.81,27.49,27.63,29.41,28.93,28.93,28.93,29.22,28.93,28.35,29.14,29.14,29.14,29.14,29.66,29.80,30.05,30.05,30.37,30.37,30.37,30.17,30.61,29.66,29.14,29.32,29.32,29.32,30.47,31.93,32.61,32.98,32.17,32.17,32.17,31.88,32.15,31.20,31.02,31.59,31.59,31.59,31.74,31.61,31.79,31.32,31.33,31.33,31.33,31.33,31.91,31.53,31.38,31.00,31.00
32.99,33.36,33.36,33.36,33.12,33.21,33.56,33.86,33.81,33.81,33.81,33.96,34.16,34.04,34.25,33.83,33.83,33.83,33.69,33.67,33.49,33.82,34.08,34.08,34.08,34.54,34.69,34.78,35.66,35.29,35.29,35.29,35.29,35.62,35.42,34.40,34.61,34.61,34.61,34.41,33.86,34.10,34.00,34.03,34.03,34.03,34.05,34.28,34.29,34.09,34.56,34.56,34.56,34.50,34.51,34.21,34.39,34.64,34.64,34.64,34.79,34.40,33.82,33.72,33.12,33.12,33.12,32.71,32.66,32.67,32.63,32.58,32.58,32.58,32.11,31.26,31.52,31.79,31.46,31.46,31.46,31.61,31.64,31.50,31.44,30.87,30.87,30.87,31.03,30.53,30.41,30.37,30.98,30.98,30.98,30.98,31.11,31.13,31.09,29.89,29.89,29.89,30.19,29.73,29.67,29.90,30.07,30.07,30.07,30.50,30.67,31.65,31.67,31.53,31.53,31.53,31.41,31.20,31.31,30.89,30.48,30.48,30.48,30.23,29.73,29.40,29.36,29.11,29.11,29.11,29.43,29.21,29.52,29.77,29.56,29.56,29.56,29.69,29.93,29.49,29.61,29.54,29.54,29.54,29.71,29.90,29.86,29.91,29.83,29.83,29.83,30.70,29.99,29.79,29.56,29.00,29.00,29.00,29.49,29.82,29.25,28.67,29.12,29.12,29.12,28.96,29.33,29.47,29.61,29.55,29.55,29.55,29.84,30.82,29.93,29.93,30.60,30.60,30.60,30.99,31.27,29.73,29.63,29.74,29.74,29.74,29.71,29.53,29.86,30.18,30.10,30.10,30.10,30.32,30.61,29.75,29.88,30.11,30.11,30.11,30.27,30.28,30.19,30.20,30.22,30.22,30.22,30.22,30.15,29.77,30.07,30.04,30.04
47.78,46.76,46.76,46.76,46.93,47.75,48.21,47.65,46.31,46.31,46.31,46.23,46.44,46.70,46.14,46.65,46.65,46.65,48.12,48.11,48.43,48.82,43.68,43.68,43.68,41.82,43.32,44.54,45.32,46.54,46.54,46.54,46.54,44.95,45.24,46.35,47.77,47.77,47.77,48.19,49.01,48.63,48.41,49.23,49.23,49.23,47.92,48.10,49.09,49.06,49.15,49.15,49.15,49.00,50.61,50.30,49.30,49.62,49.62,49.62,49.54,48.39,48.57,48.83,49.45,49.45,49.45,49.28,49.15,49.06,49.84,48.96,48.96,48.96,49.60,46.73,46.83,46.79,46.68,46.68,46.68,46.64,47.25,46.50,46.53,45.91,45.91,45.91,45.93,46.05,45.99,46.39,46.64,46.64,46.64,46.64,45.22,46.53,46.70,45.30,45.30,45.30,45.64,45.01,44.80,45.65,45.79,45.79,45.79,46.44,47.80,49.22,49.93,49.26,49.26,49.26,48.96,49.37,48.98,48.25,48.78,48.78,48.78,48.90,48.78,49.33,49.37,48.39,48.39,48.39,49.84,48.41,48.46,48.18,48.05,48.05,48.05,48.11,48.34,48.67,48.80,48.06,48.06,48.06,48.80,47.57,46.52,43.15,43.20,43.20,43.20,43.50,42.81,42.76,42.19,42.66,42.66,42.66,43.28,42.98,44.04,47.30,47.34,47.34,47.34,48.38,48.20,47.86,47.95,46.90,46.90,46.90,47.42,47.71,49.25,49.25,49.32,49.32,49.32,48.88,49.31,50.12,51.55,50.89,50.89,50.89,52.42,52.89,54.58,55.78,56.03,56.03,56.03,55.22,54.30,53.29,54.05,54.52,54.52,54.52,55.00,55.21,55.16,54.57,55.32,55.32,55.32,55.32,55.38,54.73,54.73,54.54,54.54
185.81,182.53,182.53,182.53,191.26,182.85,180.56,175.08,178.21,178.21,178.21,176.06,172.01,174.75,170.00,167.49,167.49,167.49,178.65,173.67,171.89,178.01,172.77,172.77,172.77,170.03,175.66,179.86,185.08,182.80,182.80,182.80,182.80,172.90,178.89,177.36,184.47,184.47,184.47,183.59,187.03,190.58,193.33,197.99,197.99,197.99,196.51,194.64,195.24,199.11,193.67,193.67,193.67,189.31,188.92,186.33,184.92,180.67,180.67,180.67,194.19,190.45,196.26,199.12,207.67,207.67,207.67,205.53,203.00,200.16,200.71,199.85,199.85,199.85,203.45,202.80,197.96,197.31,196.37,196.37,196.37,198.98,202.38,199.92,201.01,199.76,199.76,199.76,205.17,197.22,199.65,200.71,199.72,199.72,199.72,199.72,194.61,202.18,200.23,193.81,193.81,193.81,200.92,193.82,197.00,197.78,198.60,198.60,198.60,200.88,198.32,197.85,195.95,195.73,195.73,195.73,198.02,194.54,195.23,194.93,201.07,201.07,201.07,192.50,191.53,192.66,191.38,186.06,186.06,186.06,190.35,190.68,192.13,191.46,188.15,188.15,188.15,190.37,185.14,184.45,183.92,184.44,184.44,184.44,186.59,187.39,184.02,182.87,183.08,183.08,183.08,184.10,185.21,163.09,166.44,167.16,167.16,167.16,168.04,164.58,177.72,183.11,186.79,186.79,186.79,190.07,196.31,190.07,190.53,190.00,190.00,190.00,193.91,196.27,199.27,199.27,197.26,197.26,197.26,197.05,198.17,191.84,191.07,192.78,192.78,192.78,190.14,194.33,199.88,213.00,216.98,216.98,216.98,207.30,209.99,206.07,209.13,205.57,205.57,205.57,208.26,219.09,215.47,215.05,214.63,214.63,214.63,214.63,217.82,216.30,215.82,217.51,217.51
6.99,7.05,7.05,7.05,7.17,7.15,7.19,7.10,6.85,6.85,6.85,6.72,6.26,6.31,6.25,6.23,6.23,6.23,6.28,6.11,6.09,6.37,5.94,5.94,5.94,5.58,5.67,6.06,6.18,6.25,6.25,6.25,6.25,6.11,6.24,6.37,6.65,6.65,6.65,6.76,6.93,6.96,7.11,7.10,7.10,7.10,7.17,7.10,7.27,7.00,7.15,7.15,7.15,7.06,7.05,7.11,7.13,7.19,7.19,7.19,7.14,7.10,7.14,7.16,7.24,7.24,7.24,7.15,7.09,7.18,7.22,7.26,7.26,7.26,7.36,7.34,7.32,7.36,7.34,7.34,7.34,7.27,7.26,7.19,7.19,7.26,7.26,7.26,7.34,7.43,7.42,7.36,7.39,7.39,7.39,7.39,7.28,7.50,7.52,7.41,7.41,7.41,7.58,7.38,7.23,7.49,7.39,7.39,7.39,7.30,7.30,7.33,7.45,7.43,7.43,7.43,7.28,7.44,7.49,7.34,7.47,7.47,7.47,7.39,7.44,7.48,7.37,7.36,7.36,7.36,7.36,7.22,7.20,7.08,7.20,7.20,7.20,7.18,7.25,7.23,7.12,7.14,7.14,7.14,7.19,7.11,7.20,7.14,7.12,7.12,7.12,7.05,7.08,7.03,7.01,6.98,6.98,6.98,7.11,7.10,8.39,8.88,8.99,8.99,8.99,9.30,9.44,9.48,9.81,9.48,9.48,9.48,9.51,9.68,9.80,9.80,9.75,9.75,9.75,9.67,9.75,10.07,10.34,10.39,10.39,10.39,10.55,10.78,11.37,11.52,11.24,11.24,11.24,10.83,10.75,10.70,10.90,10.86,10.86,10.86,10.79,11.18,11.06,10.95,11.02,11.02,11.02,11.02,11.11,10.95,10.98,11.02,11.02
61.02,59.85,59.85,59.85,61.29,62.13,62.92,62.98,61.55,61.55,61.55,59.71,59.34,58.44,58.58,56.83,56.83,56.83,59.17,60.40,60.79,62.44,55.42,55.42,55.42,51.03,53.32,54.97,55.40,54.64,54.64,54.64,54.64,52.50,52.89,53.80,53.85,53.85,53.85,54.46,56.46,56.43,52.90,53.15,53.15,53.15,54.49,53.81,54.68,54.94,54.50,54.50,54.50,54.18,54.13,51.29,53.29,56.50,56.50,56.50,52.59,51.40,52.87,51.85,52.43,52.43,52.43,51.73,51.32,51.31,52.19,52.56,52.56,52.56,54.29,52.72,51.81,51.97,51.94,51.94,51.94,52.02,52.20,51.10,51.00,50.75,50.75,50.75,51.51,51.19,51.19,50.33,51.61,51.61,51.61,51.61,51.69,53.07,52.97,51.58,51.58,51.58,51.83,51.12,50.19,49.22,51.82,51.82,51.82,51.03,50.20,49.22,50.32,49.54,49.54,49.54,48.03,48.16,47.74,47.51,49.55,49.55,49.55,48.89,49.51,48.65,47.76,46.25,46.25,46.25,47.44,46.36,45.04,43.99,42.81,42.81,42.81,43.44,45.19,40.42,39.69,39.26,39.26,39.26,39.43,38.69,37.68,36.96,36.84,36.84,36.84,35.96,35.30,37.09,36.64,37.32,37.32,37.32,39.23,38.92,39.48,39.95,38.78,38.78,38.78,39.08,38.22,37.87,38.34,38.58,38.58,38.58,38.71,38.29,37.97,37.97,38.13,38.13,38.13,37.58,38.02,38.01,38.08,37.92,37.92,37.92,38.79,38.28,36.19,37.25,36.84,36.84,36.84,35.88,34.60,33.31,34.50,35.16,35.16,35.16,34.87,33.86,33.92,34.75,34.68,34.68,34.68,34.68,33.96,33.48,33.61,33.10,33.10
13.63,13.26,13.26,13.26,13.58,13.42,13.44,13.21,12.95,12.95,12.95,12.75,12.15,12.22,12.06,12.12,12.12,12.12,12.26,12.24,12.07,12.35,11.67,11.67,11.67,11.01,11.42,11.70,11.95,12.30,12.30,12.30,12.30,11.79,11.81,12.15,12.69,12.69,12.69,13.11,13.64,13.62,13.74,13.86,13.86,13.86,13.88,13.77,14.37,14.29,14.40,14.40,14.40,14.17,14.22,14.11,14.09,14.20,14.20,14.20,13.99,13.54,13.83,14.24,14.53,14.53,14.53,14.36,14.21,13.61,13.64,13.49,13.49,13.49,13.82,13.91,14.54,14.56,14.15,14.15,14.15,14.37,14.51,14.35,14.35,14.25,14.25,14.25,14.17,14.41,14.38,14.38,14.48,14.48,14.48,14.48,14.38,14.70,14.68,14.23,14.23,14.23,14.40,13.80,13.56,13.83,13.58,13.58,13.58,13.77,13.79,13.28,13.72,13.88,13.88,13.88,13.88,14.49,14.56,14.31,14.47,14.47,14.47,14.33,14.64,14.78,14.71,14.56,14.56,14.56,14.37,14.11,14.11,13.90,13.91,13.91,13.91,13.57,13.61,13.45,13.21,13.03,13.03,13.03,13.19,13.15,13.14,12.83,12.90,12.90,12.90,12.78,13.03,13.27,13.23,13.32,13.32,13.32,13.56,13.46,15.77,16.84,17.05,17.05,17.05,17.59,17.42,17.69,17.69,17.62,17.62,17.62,17.72,17.44,17.85,17.85,17.65,17.65,17.65,17.49,17.19,17.23,16.93,16.66,16.66,16.66,17.00,17.03,17.28,17.09,17.31,17.31,17.31,16.70,16.36,16.37,16.80,16.37,16.37,16.37,16.69,16.73,16.69,16.63,16.66,16.66,16.66,16.66,16.68,16.45,16.38,16.43,16.43
40.92,40.73,40.73,40.73,41.15,41.13,41.62,41.56,40.54,40.54,40.54,40.28,40.33,40.07,40.22,39.65,39.65,39.65,39.98,39.95,40.13,40.82,39.56,39.56,39.56,37.68,38.04,38.74,38.82,38.74,38.74,38.74,38.74,38.25,38.38,39.33,39.73,39.73,39.73,40.18,40.24,40.18,39.89,39.96,39.96,39.96,40.28,40.38,40.65,40.48,40.79,40.79,40.79,40.96,40.94,40.36,40.04,43.05,43.05,43.05,42.05,41.60,42.51,42.20,42.34,42.34,42.34,42.09,41.87,41.82,41.64,41.56,41.56,41.56,41.72,41.02,40.45,40.46,40.24,40.24,40.24,40.24,41.04,40.57,40.46,40.25,40.25,40.25,40.39,40.75,40.71,40.20,40.81,40.81,40.81,40.81,40.81,41.21,41.32,40.62,40.62,40.62,40.91,40.68,40.27,40.41,40.54,40.54,40.54,40.92,40.53,40.67,41.26,40.89,40.89,40.89,40.52,40.96,41.10,40.52,40.57,40.57,40.57,40.30,40.32,40.23,40.57,40.56,40.56,40.56,40.94,40.50,40.51,40.66,40.23,40.23,40.23,39.86,40.26,40.25,39.89,39.99,39.99,39.99,39.99,39.57,38.98,38.34,39.67,39.67,39.67,40.15,39.26,41.09,40.45,40.29,40.29,40.29,41.02,41.05,38.77,39.01,39.58,39.58,39.58,40.31,40.72,40.46,40.86,40.97,40.97,40.97,40.82,40.29,40.78,40.78,41.15,41.15,41.15,40.76,42.01,41.67,41.34,40.88,40.88,40.88,41.18,41.20,41.51,41.99,41.29,41.29,41.29,41.36,41.64,41.19,42.09,42.14,42.14,42.14,42.18,42.28,42.34,42.33,42.35,42.35,42.35,42.35,42.16,41.64,41.55,41.24,41.24
43.73,44.82,44.82,44.82,46.58,46.50,47.04,46.82,47.00,47.00,47.00,46.60,46.31,46.39,46.28,47.95,47.95,47.95,49.01,48.74,48.65,50.41,49.19,49.19,49.19,48.00,48.29,49.95,51.33,50.78,50.78,50.78,50.78,49.86,50.07,49.97,50.57,50.57,50.57,51.30,51.20,51.53,51.25,51.81,51.81,51.81,51.66,51.53,51.64,50.81,51.80,51.80,51.80,51.54,50.76,51.28,51.02,51.31,51.31,51.31,51.09,50.66,50.85,50.81,51.16,51.16,51.16,51.43,51.18,51.41,51.48,51.02,51.02,51.02,52.55,51.86,51.93,52.88,53.06,53.06,53.06,53.82,53.44,51.76,51.35,51.84,51.84,51.84,52.29,52.77,51.72,50.32,52.83,52.83,52.83,52.83,50.54,51.08,49.76,47.35,47.35,47.35,47.38,46.67,45.67,46.83,46.56,46.56,46.56,46.41,47.00,46.94,47.88,47.44,47.44,47.44,46.31,46.26,46.93,46.24,47.08,47.08,47.08,49.09,48.01,47.91,46.64,47.30,47.30,47.30,48.30,47.62,47.38,47.38,46.56,46.56,46.56,46.16,46.20,47.05,47.01,46.85,46.85,46.85,47.70,47.90,47.40,49.65,47.10,47.10,47.10,47.20,47.00,46.10,45.05,45.45,45.45,45.45,47.40,47.40,46.90,48.10,48.85,48.85,48.85,49.00,47.65,47.05,47.00,46.90,46.90,46.90,45.90,47.55,47.80,47.80,47.80,47.80,47.80,47.40,47.90,45.90,44.95,44.80,44.80,44.80,45.15,46.15,46.90,47.85,47.95,47.95,47.95,46.85,46.50,46.45,46.30,47.00,47.00,47.00,46.45,46.85,46.85,45.90,46.00,46.00,46.00,46.00,46.75,46.25,46.90,47.00,47.00
18.20,17.76,17.76,17.76,18.07,18.38,18.29,17.45,16.70,16.70,16.70,16.51,16.20,16.27,16.15,16.06,16.06,16.06,16.26,16.10,16.03,16.26,15.57,15.57,15.57,14.67,14.97,15.39,15.44,15.90,15.90,15.90,15.90,14.96,15.15,15.50,16.46,16.46,16.46,16.73,16.73,16.73,17.00,16.90,16.90,16.90,17.22,17.14,17.63,17.55,18.06,18.06,18.06,17.94,18.14,17.87,18.02,18.47,18.47,18.47,18.40,17.72,17.15,16.95,17.16,17.16,17.16,17.37,17.89,17.03,16.91,16.93,16.93,16.93,17.34,17.12,16.83,16.94,16.91,16.91,16.91,17.11,17.51,17.06,16.97,16.84,16.84,16.84,17.26,17.35,17.21,16.99,17.60,17.60,17.60,17.60,17.57,17.72,17.81,16.89,16.89,16.89,17.36,16.82,17.07,17.31,17.90,17.90,17.90,18.20,17.68,17.95,17.91,17.75,17.75,17.75,17.35,17.34,17.62,17.24,17.45,17.45,17.45,17.59,16.95,16.96,16.16,16.12,16.12,16.12,16.17,15.62,15.41,15.46,15.30,15.30,15.30,15.35,15.48,15.82,15.93,15.62,15.62,15.62,15.65,15.24,15.23,14.86,14.67,14.67,14.67,14.43,11.80,11.93,12.02,12.50,12.50,12.50,12.78,12.83,12.77,12.52,12.05,12.05,12.05,12.36,12.32,12.09,12.25,12.21,12.21,12.21,12.25,12.20,12.18,12.18,12.19,12.19,12.19,11.92,11.78,11.63,11.27,11.39,11.39,11.39,11.55,11.86,11.89,12.55,12.40,12.40,12.40,12.07,12.09,11.68,12.06,12.55,12.55,12.55,12.72,13.10,13.31,12.79,13.05,13.05,13.05,13.05,12.98,12.79,12.62,12.42,12.42
67.93,66.81,66.81,66.81,68.63,68.92,70.98,70.59,69.29,69.29,69.29,66.80,67.09,66.25,65.71,65.10,65.10,65.10,65.83,66.37,67.63,69.01,65.72,65.72,65.72,63.83,63.87,64.59,65.37,65.93,65.93,65.93,65.93,63.96,64.53,64.95,66.60,66.60,66.60,66.73,66.60,66.71,65.57,65.60,65.60,65.60,66.06,65.71,66.28,66.22,66.34,66.34,66.34,65.78,66.40,64.83,64.01,59.18,59.18,59.18,57.30,56.94,58.92,58.55,58.34,58.34,58.34,58.28,58.40,57.79,57.57,57.95,57.95,57.95,58.41,57.16,55.68,56.06,56.07,56.07,56.07,56.49,56.32,55.60,55.32,55.58,55.58,55.58,56.38,56.95,56.60,56.62,57.72,57.72,57.72,57.72,57.71,59.44,59.30,58.25,58.25,58.25,58.35,57.52,56.84,56.77,57.40,57.40,57.40,57.64,57.58,57.95,59.29,58.64,58.64,58.64,58.14,58.40,58.91,58.20,59.23,59.23,59.23,58.36,58.49,59.43,59.09,58.71,58.71,58.71,60.35,59.85,59.80,60.55,60.50,60.50,60.50,60.30,61.65,61.75,61.60,61.45,61.45,61.45,61.75,60.95,59.85,56.80,59.35,59.35,59.35,59.85,58.20,58.05,56.65,58.10,58.10,58.10,60.55,61.05,52.80,53.75,52.55,52.55,52.55,55.00,56.35,55.95,57.30,57.25,57.25,57.25,57.45,56.00,56.55,56.55,56.55,56.55,56.55,55.55,55.40,54.95,54.80,54.30,54.30,54.30,54.70,55.05,55.50,56.30,56.90,56.90,56.90,57.03,57.30,56.25,57.95,58.35,58.35,58.35,58.50,58.65,58.55,58.45,59.00,59.00,59.00,59.00,58.68,57.75,57.45,56.80,56.80
12.88,12.59,12.59,12.59,12.84,12.86,12.86,12.62,11.76,11.76,11.76,11.51,11.49,11.56,11.50,10.94,10.94,10.94,11.06,11.20,11.23,11.33,11.04,11.04,11.04,10.44,10.72,11.11,10.87,10.81,10.81,10.81,10.81,10.36,10.39,10.50,10.98,10.98,10.98,11.19,11.32,11.44,11.46,11.44,11.44,11.44,11.56,11.57,11.58,11.69,11.61,11.61,11.61,11.52,11.59,11.46,11.38,11.50,11.50,11.50,11.27,10.89,11.09,10.80,12.25,12.25,12.25,11.84,11.79,11.64,11.49,11.68,11.68,11.68,11.73,11.34,11.27,11.53,11.51,11.51,11.51,11.55,11.79,11.31,11.37,11.51,11.51,11.51,11.76,11.94,11.88,11.75,12.12,12.12,12.12,12.12,12.03,12.35,12.33,11.97,11.97,11.97,12.21,12.26,12.33,12.41,12.78,12.78,12.78,12.53,12.55,12.73,13.27,13.08,13.08,13.08,12.76,13.14,13.17,13.21,13.50,13.50,13.50,13.53,13.82,14.05,13.88,13.94,13.94,13.94,14.04,13.90,13.77,13.89,13.75,13.75,13.75,13.35,13.40,13.60,13.10,12.97,12.97,12.97,13.00,12.80,12.70,12.70,12.80,12.80,12.80,13.00,12.50,12.20,11.95,11.20,11.20,11.20,11.50,11.45,11.55,11.70,11.85,11.85,11.85,12.35,12.55,12.55,12.45,12.85,12.85,12.85,12.85,12.70,12.80,12.80,12.90,12.90,12.90,12.70,12.75,12.15,12.20,12.05,12.05,12.05,12.25,12.15,12.25,12.60,12.95,12.95,12.95,13.10,13.30,12.95,13.60,13.70,13.70,13.70,13.45,13.60,13.50,13.50,13.53,13.53,13.53,13.53,13.60,13.45,13.40,13.25,13.25
5.06,4.62,4.62,4.62,4.74,4.39,4.42,4.47,4.26,4.26,4.26,4.44,4.42,4.65,4.96,4.87,4.87,4.87,5.00,4.92,4.84,4.98,4.69,4.69,4.69,4.30,4.61,4.54,4.30,4.38,4.38,4.38,4.38,4.17,4.20,4.25,4.32,4.32,4.32,4.37,4.10,4.25,4.51,4.49,4.49,4.49,4.60,4.60,4.61,4.59,4.41,4.41,4.41,4.34,4.64,4.65,4.60,4.62,4.62,4.62,4.59,4.47,4.64,4.60,4.75,4.75,4.75,4.79,4.79,4.91,5.46,5.40,5.40,5.40,5.82,5.63,5.53,5.59,5.49,5.49,5.49,5.39,5.24,5.44,5.52,5.40,5.40,5.40,5.56,5.50,5.41,5.30,5.40,5.40,5.40,5.40,5.35,5.41,5.47,5.36,5.36,5.36,5.59,5.75,5.75,6.17,6.43,6.43,6.43,6.19,6.10,6.11,6.11,6.28,6.28,6.28,6.11,6.23,6.24,6.08,6.18,6.18,6.18,6.16,6.16,6.17,6.05,5.95,5.95,5.95,6.04,5.79,5.54,5.50,5.38,5.38,5.38,4.99,4.91,5.07,4.86,4.85,4.85,4.85,4.87,4.90,4.76,4.75,4.70,4.70,4.70,4.93,4.86,4.81,5.09,5.13,5.13,5.13,5.91,5.76,5.61,5.89,6.14,6.14,6.14,6.31,6.52,6.38,6.06,5.98,5.98,5.98,6.14,5.96,5.94,5.94,5.94,5.94,5.94,5.79,5.62,5.66,5.33,5.15,5.15,5.15,5.28,5.68,5.86,5.63,5.53,5.53,5.53,5.34,5.41,5.20,5.12,5.33,5.33,5.33,5.17,5.21,5.20,5.26,5.21,5.21,5.21,5.21,5.47,5.21,5.17,5.25,5.25
36.33,36.21,36.21,36.21,36.96,36.65,36.85,36.20,35.45,35.45,35.45,33.91,33.15,33.02,33.10,32.84,32.84,32.84,33.74,33.67,33.27,34.55,32.55,32.55,32.55,32.31,32.30,33.19,34.75,34.60,34.60,34.60,34.60,33.93,34.30,34.56,35.84,35.84,35.84,36.56,37.84,38.05,38.92,39.29,39.29,39.29,39.25,39.11,39.56,39.48,39.67,39.67,39.67,39.47,39.97,40.27,40.21,40.41,40.41,40.41,40.37,40.04,39.74,39.60,35.31,35.31,35.31,35.13,35.11,34.33,34.21,34.16,34.16,34.16,34.66,34.23,34.83,34.90,34.81,34.81,34.81,35.07,35.19,34.84,35.12,34.74,34.74,34.74,34.87,35.49,35.40,35.95,35.96,35.96,35.96,35.96,36.53,37.93,38.61,37.64,37.64,37.64,38.22,37.16,37.00,38.07,37.54,37.54,37.54,37.94,38.41,38.49,39.36,39.30,39.30,39.30,38.65,39.52,40.10,39.75,40.37,40.37,40.37,40.34,40.44,40.40,40.21,40.22,40.22,40.22,40.35,40.03,39.67,39.30,38.64,38.64,38.64,38.67,38.78,39.01,39.32,39.53,39.53,39.53,39.61,39.59,39.28,39.56,39.47,39.47,39.47,39.18,38.55,38.23,38.70,38.67,38.67,38.67,39.86,39.64,42.81,46.22,47.31,47.31,47.31,49.04,49.96,50.66,50.21,50.97,50.97,50.97,51.86,52.57,52.56,52.56,52.92,52.92,52.92,51.86,50.86,50.45,51.08,50.29,50.29,50.29,51.36,51.80,53.26,55.00,53.97,53.97,53.97,52.23,50.98,50.22,50.64,50.37,50.37,50.37,51.49,52.88,51.98,51.56,51.50,51.50,51.50,51.50,51.49,50.81,50.92,50.75,50.75
29.56,29.97,29.97,29.97,29.83,30.16,30.97,31.46,31.91,31.91,31.91,31.92,32.29,31.67,31.90,31.90,31.90,31.90,31.93,32.19,32.12,32.72,33.45,33.45,33.45,34.04,34.08,33.54,34.93,34.48,34.48,34.48,34.48,35.44,34.96,33.73,34.10,34.10,34.10,34.00,33.48,33.65,32.65,33.01,33.01,33.01,32.83,32.93,33.04,33.07,33.47,33.47,33.47,33.56,33.42,33.06,33.15,33.73,33.73,33.73,33.97,33.20,32.56,32.33,32.18,32.18,32.18,31.60,31.43,31.50,31.68,31.69,31.69,31.69,31.39,30.91,31.27,31.56,31.65,31.65,31.65,31.74,31.40,31.36,31.58,31.01,31.01,31.01,31.09,30.73,30.49,30.34,31.04,31.04,31.04,31.04,31.17,31.98,32.02,30.57,30.57,30.57,30.72,30.14,30.05,30.53,31.03,31.03,31.03,31.93,32.20,32.93,33.68,33.11,33.11,33.11,32.89,32.65,32.56,32.13,32.09,32.09,32.09,31.76,30.96,30.84,30.49,30.28,30.28,30.28,31.75,31.96,32.38,32.53,32.21,32.21,32.21,32.11,32.45,32.50,32.50,32.25,32.25,32.25,32.70,32.85,32.43,32.20,30.40,30.40,30.40,31.00,31.00,30.85,30.70,30.30,30.30,30.30,30.65,31.25,31.35,31.10,32.55,32.55,32.55,33.05,33.50,34.45,34.30,34.55,34.55,34.55,34.86,36.80,34.20,34.20,35.40,35.40,35.40,36.00,36.10,34.55,34.35,34.35,34.35,34.35,34.80,34.45,34.50,34.85,34.90,34.90,34.90,34.95,34.75,33.75,33.95,34.10,34.10,34.10,34.35,34.20,34.00,33.50,34.10,34.10,34.10,34.10,34.45,33.95,34.30,33.90,33.90
29.67,28.91,28.91,28.91,29.66,29.92,30.32,29.95,28.90,28.90,28.90,27.69,27.62,27.90,27.44,27.16,27.16,27.16,27.65,27.56,28.00,29.38,28.00,28.00,28.00,26.04,26.71,27.65,27.64,27.95,27.95,27.95,27.95,27.20,27.85,28.00,28.88,28.88,28.88,29.35,29.75,29.84,29.86,29.84,29.84,29.84,30.65,30.61,30.89,31.19,31.46,31.46,31.46,31.13,31.60,30.72,30.51,30.61,30.61,30.61,28.91,27.57,27.83,27.30,27.48,27.48,27.48,27.32,26.87,26.37,25.61,25.50,25.50,25.50,25.71,25.16,24.32,24.16,24.02,24.02,24.02,24.22,24.69,23.68,23.48,23.22,23.22,23.22,23.99,24.00,23.90,23.58,24.20,24.20,24.20,24.20,24.06,24.68,24.67,23.62,23.62,23.62,24.57,23.81,23.25,22.80,23.09,23.09,23.09,23.04,22.02,21.37,21.81,21.97,21.97,21.97,21.35,21.68,22.36,22.00,22.66,22.66,22.66,21.75,21.50,21.68,21.07,20.70,20.70,20.70,21.35,20.95,21.28,23.13,22.78,22.78,22.78,23.03,23.68,23.62,23.52,23.53,23.53,23.53,23.82,23.37,21.60,20.69,20.25,20.25,20.25,19.71,19.12,18.80,17.47,17.75,17.75,17.75,19.82,20.27,15.21,14.51,14.55,14.55,14.55,16.40,16.50,16.42,17.24,16.87,16.87,16.87,17.01,16.14,16.26,16.26,16.22,16.22,16.22,15.41,14.99,15.23,15.18,15.05,15.05,15.05,15.35,15.43,14.96,15.24,15.18,15.18,15.18,15.13,15.03,14.38,14.70,15.13,15.13,15.13,14.98,14.79,14.88,14.79,15.24,15.24,15.24,15.24,15.02,14.71,15.00,14.84,14.84
20.18,20.16,20.16,20.16,20.54,20.86,21.40,21.20,20.76,20.76,20.76,20.21,20.25,20.35,19.92,19.17,19.17,19.17,19.51,19.75,19.90,20.43,20.09,20.09,20.09,19.51,19.88,20.47,21.01,21.02,21.02,21.02,21.02,20.62,20.89,20.97,21.37,21.37,21.37,21.60,21.72,21.75,21.78,21.67,21.67,21.67,21.62,21.62,21.71,21.78,21.98,21.98,21.98,21.83,21.94,21.75,21.53,21.50,21.50,21.50,21.49,18.87,19.29,19.05,19.58,19.58,19.58,19.71,19.23,19.00,18.71,18.60,18.60,18.60,19.13,18.91,18.48,18.61,18.45,18.45,18.45,18.47,18.52,18.75,18.46,18.44,18.44,18.44,18.63,18.86,18.79,18.81,19.40,19.40,19.40,19.40,19.54,20.23,21.00,20.56,20.56,20.56,21.00,20.78,20.61,20.60,20.82,20.82,20.82,21.00,20.95,21.18,21.43,21.36,21.36,21.36,20.93,20.81,20.78,20.15,20.13,20.13,20.13,20.10,20.15,20.43,20.20,20.05,20.05,20.05,20.60,19.95,19.28,19.57,19.66,19.66,19.66,19.61,19.69,19.78,19.60,19.29,19.29,19.29,19.41,19.35,19.18,18.36,18.22,18.22,18.22,18.47,17.89,18.36,18.50,17.90,17.90,17.90,18.83,18.83,19.67,20.64,20.71,20.71,20.71,21.73,21.65,21.31,21.65,21.79,21.79,21.79,21.72,21.67,21.96,21.96,22.06,22.06,22.06,21.82,22.22,21.62,21.91,21.60,21.60,21.60,21.96,22.05,22.14,22.25,22.55,22.55,22.55,22.58,22.38,21.86,22.50,22.46,22.46,22.46,22.71,22.85,22.69,22.22,22.74,22.74,22.74,22.74,22.66,22.20,22.32,22.21,22.21
34.64,35.05,35.05,35.05,35.07,35.23,35.70,36.50,37.67,37.67,37.67,37.81,38.03,37.54,38.40,37.34,37.34,37.34,37.41,37.26,36.99,37.20,36.88,36.88,36.88,37.77,37.96,38.10,39.38,38.40,38.40,38.40,38.40,39.07,38.75,38.13,38.43,38.43,38.43,38.59,38.60,38.58,38.75,39.34,39.34,39.34,38.99,38.98,39.45,39.61,40.91,40.91,40.91,41.21,41.17,40.95,42.40,42.36,42.36,42.36,41.61,41.07,40.30,39.80,39.91,39.91,39.91,39.52,39.89,39.93,39.89,40.36,40.36,40.36,39.75,38.99,39.44,41.31,41.76,41.76,41.76,42.71,42.83,43.23,44.08,45.00,45.00,45.00,44.10,43.04,42.69,42.26,42.98,42.98,42.98,42.98,43.49,45.03,45.15,42.33,42.33,42.33,42.45,41.12,41.47,42.01,42.46,42.46,42.46,43.63,43.65,44.94,46.66,45.16,45.16,45.16,44.77,44.33,44.23,43.71,43.68,43.68,43.68,43.44,42.19,42.34,42.91,42.28,42.28,42.28,43.09,42.55,43.24,43.05,42.97,42.97,42.97,43.14,43.57,43.75,44.14,44.24,44.24,44.24,44.92,44.99,44.65,51.09,50.98,50.98,50.98,50.73,48.85,48.71,48.85,48.79,48.79,48.79,49.34,49.60,48.77,47.97,48.88,48.88,48.88,49.49,50.08,50.74,52.30,53.17,53.17,53.17,53.57,55.82,53.36,53.36,54.69,54.69,54.69,56.15,55.32,53.67,54.27,54.50,54.50,54.50,55.08,55.26,55.61,56.40,56.69,56.69,56.69,56.24,55.81,54.43,54.77,55.25,55.25,55.25,55.97,56.57,55.67,55.44,56.11,56.11,56.11,56.11,56.63,55.92,56.35,55.98,55.98
62.78,62.74,62.74,62.74,63.11,63.43,63.77,63.60,63.02,63.02,63.02,64.07,64.15,63.81,64.07,62.95,62.95,62.95,64.29,64.63,64.71,65.03,63.89,63.89,63.89,63.52,63.07,63.16,64.74,63.87,63.87,63.87,63.87,64.03,64.06,64.29,65.20,65.20,65.20,66.07,66.48,66.06,65.94,66.21,66.21,66.21,66.48,66.68,66.46,65.93,65.97,65.97,65.97,65.07,64.60,64.69,64.56,64.60,64.60,64.60,64.26,63.79,63.00,63.04,64.34,64.34,64.34,64.21,64.81,64.69,64.80,64.84,64.84,64.84,64.97,64.22,64.26,64.75,65.00,65.00,65.00,65.19,64.92,64.71,64.71,64.50,64.50,64.50,65.00,65.70,64.98,64.78,65.99,65.99,65.99,65.99,65.15,66.00,65.80,64.04,64.04,64.04,64.82,63.58,62.88,63.27,64.69,64.69,64.69,65.19,64.97,65.05,65.95,64.84,64.84,64.84,64.20,64.87,64.99,64.53,65.99,65.99,65.99,65.31,65.71,65.87,65.60,65.30,65.30,65.30,66.02,65.05,66.17,65.79,66.18,66.18,66.18,66.32,66.01,65.73,65.97,65.20,65.20,65.20,65.95,66.66,65.62,64.76,64.72,64.72,64.72,64.70,64.63,64.27,63.40,62.93,62.93,62.93,64.57,64.89,65.81,66.33,67.53,67.53,67.53,68.53,69.57,68.99,69.09,69.82,69.82,69.82,69.51,69.82,69.86,69.86,70.48,70.48,70.48,69.36,69.97,68.60,68.64,69.13,69.13,69.13,70.07,69.93,70.10,73.20,74.77,74.77,74.77,75.17,75.41,74.45,75.32,76.78,76.78,76.78,76.76,78.02,78.11,77.02,77.65,77.65,77.65,77.65,78.45,77.26,76.75,75.79,75.79
49.30,49.83,49.83,49.83,50.10,50.60,51.83,51.85,52.42,52.42,52.42,51.94,52.70,52.36,52.73,51.77,51.77,51.77,52.43,53.26,52.59,53.28,54.43,54.43,54.43,55.26,54.67,54.55,56.20,55.59,55.59,55.59,55.59,55.66,55.44,53.69,53.90,53.90,53.90,53.60,52.95,52.83,51.00,51.98,51.98,51.98,51.33,51.73,52.27,51.83,52.45,52.45,52.45,52.25,51.43,51.33,50.79,51.05,51.05,51.05,51.24,50.88,50.15,50.04,50.03,50.03,50.03,49.73,49.89,50.74,50.30,50.62,50.62,50.62,49.94,49.04,49.41,50.45,49.70,49.70,49.70,49.43,49.43,49.48,49.73,49.29,49.29,49.29,49.33,47.31,46.37,45.70,46.40,46.40,46.40,46.40,46.73,48.21,47.50,45.77,45.77,45.77,46.91,45.71,46.37,47.28,49.07,49.07,49.07,49.41,49.52,50.82,52.30,52.00,52.00,52.00,51.44,50.71,50.75,50.02,49.73,49.73,49.73,49.23,49.21,49.35,49.20,49.01,49.01,49.01,49.97,49.46,50.71,50.89,50.76,50.76,50.76,51.42,51.36,51.23,51.18,50.61,50.61,50.61,51.36,51.64,51.05,51.09,51.29,51.29,51.29,52.07,51.33,50.97,50.11,49.88,49.88,49.88,50.75,51.59,51.80,50.34,53.16,53.16,53.16,52.54,52.42,53.61,54.27,54.48,54.48,54.48,54.86,56.83,54.01,54.01,55.70,55.70,55.70,56.14,56.34,54.52,54.58,54.81,54.81,54.81,55.57,55.62,56.08,56.96,57.35,57.35,57.35,57.75,56.99,55.05,55.79,56.64,56.64,56.64,56.28,55.81,55.57,55.37,55.95,55.95,55.95,55.95,56.13,55.18,56.13,55.85,55.85
37.96,38.35,38.35,38.35,37.79,38.11,39.28,38.95,39.30,39.30,39.30,38.91,39.85,39.64,40.62,39.05,39.05,39.05,39.18,39.48,39.37,39.50,40.20,40.20,40.20,41.86,41.73,42.19,43.38,42.61,42.61,42.61,42.61,43.42,43.01,41.53,41.84,41.84,41.84,41.97,41.59,41.75,41.66,41.58,41.58,41.58,41.38,41.13,41.49,41.20,41.74,41.74,41.74,41.91,41.31,41.41,40.98,41.31,41.31,41.31,41.16,40.97,39.65,39.37,38.80,38.80,38.80,38.56,38.54,38.09,38.15,38.07,38.07,38.07,36.81,35.35,35.69,36.31,35.56,35.56,35.56,35.84,35.61,35.46,35.98,35.10,35.10,35.10,35.26,34.34,33.37,33.11,33.74,33.74,33.74,33.74,34.02,34.67,34.59,33.30,33.30,33.30,33.73,32.85,32.93,33.45,34.33,34.33,34.33,34.63,34.70,35.47,37.31,37.15,37.15,37.15,36.46,36.44,35.82,35.48,35.24,35.24,35.24,34.80,34.04,33.79,33.52,33.02,33.02,33.02,34.08,33.48,33.98,34.01,33.84,33.84,33.84,33.69,33.79,33.98,34.32,34.15,34.15,34.15,34.94,35.64,36.04,36.49,35.57,35.57,35.57,36.10,35.00,34.45,33.89,34.20,34.20,34.20,34.78,35.04,35.20,34.71,37.55,37.55,37.55,39.02,39.11,38.82,39.55,40.25,40.25,40.25,40.86,42.74,40.77,40.77,41.80,41.80,41.80,42.57,42.23,40.74,41.29,41.29,41.29,41.29,42.34,41.65,42.12,43.04,43.49,43.49,43.49,43.91,42.65,41.49,42.12,42.21,42.21,42.21,42.04,42.32,42.09,41.67,42.16,42.16,42.16,42.16,42.65,41.84,42.33,42.94,42.94
28.14,28.31,28.31,28.31,28.28,28.27,29.22,29.48,29.85,29.85,29.85,29.94,30.43,29.85,30.48,29.71,29.71,29.71,29.87,29.74,29.40,29.81,30.72,30.72,30.72,31.28,31.46,31.03,32.04,31.18,31.18,31.18,31.18,31.44,30.86,30.01,30.90,30.90,30.90,30.85,30.78,30.78,30.50,31.26,31.26,31.26,31.05,30.90,31.23,30.71,31.44,31.44,31.44,31.35,31.16,31.50,31.42,31.44,31.44,31.44,31.57,30.93,30.09,29.59,29.62,29.62,29.62,29.42,29.26,29.11,28.95,29.53,29.53,29.53,28.71,28.08,28.63,29.00,28.73,28.73,28.73,28.91,29.02,28.97,29.13,28.84,28.84,28.84,28.91,28.87,28.30,28.36,28.50,28.50,28.50,28.50,29.43,29.77,29.60,27.77,27.77,27.77,28.50,27.94,27.90,28.58,29.25,29.25,29.25,29.60,29.89,30.12,30.90,30.84,30.84,30.84,30.32,30.18,30.21,29.36,29.66,29.66,29.66,29.04,28.76,28.83,29.01,28.64,28.64,28.64,29.05,28.85,29.10,28.85,29.00,29.00,29.00,30.15,30.85,31.30,31.85,32.50,32.50,32.50,32.40,31.90,31.48,31.25,31.25,31.25,31.25,31.60,30.45,29.85,29.65,29.40,29.40,29.40,29.70,29.90,30.65,30.55,32.50,32.50,32.50,32.25,32.65,33.00,33.65,34.45,34.45,34.45,34.45,37.00,36.40,36.40,36.85,36.85,36.85,37.20,37.70,36.40,36.00,36.30,36.30,36.30,36.95,37.30,37.45,38.80,39.00,39.00,39.00,39.15,39.40,38.10,38.65,38.70,38.70,38.70,38.15,38.10,38.50,38.60,38.75,38.75,38.75,38.75,39.10,38.00,38.10,38.20,38.20
39.78,40.60,40.60,40.60,40.14,40.49,41.13,41.27,41.34,41.34,41.34,40.89,40.98,40.68,41.22,40.83,40.83,40.83,40.90,41.37,41.40,42.12,42.07,42.07,42.07,42.28,42.43,42.45,43.82,43.37,43.37,43.37,43.37,44.12,43.93,42.94,43.37,43.37,43.37,43.43,42.95,43.77,43.03,43.42,43.42,43.42,43.27,43.16,43.25,43.35,43.84,43.84,43.84,43.72,43.67,43.36,43.16,43.20,43.20,43.20,43.48,42.89,42.32,42.03,43.29,43.29,43.29,42.63,42.22,42.42,42.03,41.92,41.92,41.92,41.37,40.02,40.96,41.34,40.51,40.51,40.51,40.90,40.43,40.13,40.73,39.41,39.41,39.41,39.29,39.26,38.98,38.85,39.60,39.60,39.60,39.60,39.79,40.38,40.18,38.85,38.85,38.85,38.56,37.78,37.88,38.21,38.89,38.89,38.89,39.57,39.71,40.69,41.36,40.63,40.63,40.63,40.46,39.82,39.77,39.54,40.05,40.05,40.05,39.69,38.62,38.26,38.08,37.62,37.62,37.62,38.63,38.60,38.81,38.78,38.33,38.33,38.33,38.13,38.14,37.65,37.74,37.91,37.91,37.91,38.21,38.44,38.42,38.81,38.69,38.69,38.69,39.98,39.32,38.87,39.76,38.71,38.71,38.71,39.75,39.80,39.84,39.36,40.94,40.94,40.94,41.29,41.45,42.26,42.47,42.81,42.81,42.81,42.89,44.49,42.37,42.37,43.79,43.79,43.79,44.18,44.22,42.40,42.69,43.63,43.63,43.63,44.46,44.62,45.38,46.18,45.54,45.54,45.54,45.77,45.81,44.74,45.00,44.94,44.94,44.94,45.64,45.31,45.21,45.28,45.64,45.64,45.64,45.64,46.05,45.32,45.68,45.56,45.56
28.59,28.92,28.92,28.92,29.26,29.56,30.31,29.67,29.71,29.71,29.71,30.55,31.04,30.58,31.21,30.56,30.56,30.56,30.65,31.04,31.01,30.93,31.69,31.69,31.69,33.08,33.08,33.38,33.92,34.09,34.09,34.09,34.09,34.87,34.42,33.48,34.16,34.16,34.16,34.07,33.94,33.78,33.17,32.67,32.67,32.67,33.22,33.32,33.41,33.24,33.75,33.75,33.75,33.40,33.40,33.70,33.81,34.09,34.09,34.09,33.39,33.11,32.71,32.50,32.37,32.37,32.37,32.02,31.77,31.19,31.47,31.44,31.44,31.44,30.97,29.40,29.98,30.44,29.76,29.76,29.76,30.11,29.93,29.72,29.73,29.77,29.77,29.77,29.18,27.95,27.47,27.10,27.18,27.18,27.18,27.18,27.18,27.18,27.98,26.43,26.43,26.43,26.97,26.32,26.64,27.14,27.92,27.92,27.92,28.22,28.49,28.92,30.00,29.45,29.45,29.45,29.05,28.78,28.75,28.31,28.54,28.54,28.54,28.18,27.14,26.98,27.18,26.78,26.78,26.78,27.81,26.96,27.47,27.88,27.69,27.69,27.69,27.97,28.00,28.12,28.23,28.28,28.28,28.28,28.27,28.43,28.06,27.75,27.73,27.73,27.73,28.22,27.39,27.27,28.27,28.03,28.03,28.03,28.27,28.53,28.00,28.36,30.96,30.96,30.96,30.93,31.05,31.40,31.65,31.74,31.74,31.74,32.29,33.00,31.53,31.53,32.43,32.43,32.43,32.70,32.79,31.52,31.49,31.89,31.89,31.89,32.52,32.37,31.95,32.35,32.73,32.73,32.73,32.62,32.49,31.46,31.93,32.32,32.32,32.32,32.63,32.37,32.43,31.84,31.77,31.77,31.77,31.77,32.56,31.95,31.92,31.94,31.94
4.51,4.59,4.59,4.59,4.68,4.52,4.57,4.69,4.79,4.79,4.79,4.76,5.20,4.75,4.86,4.52,4.52,4.52,4.67,4.66,4.65,4.59,4.66,4.66,4.66,4.67,4.71,4.71,4.71,4.76,4.76,4.76,4.76,4.65,4.72,4.68,4.59,4.59,4.59,4.52,4.56,4.51,4.42,4.40,4.40,4.40,4.46,4.47,4.55,4.50,4.52,4.52,4.52,4.45,4.46,4.47,4.53,4.60,4.60,4.60,4.63,4.51,4.66,4.60,4.60,4.60,4.60,4.50,4.56,4.62,4.65,4.60,4.60,4.60,4.60,4.59,4.56,4.61,4.65,4.65,4.65,4.68,4.68,4.62,4.60,4.64,4.64,4.64,4.69,4.57,4.84,4.77,4.87,4.87,4.87,4.87,4.95,4.94,4.83,4.66,4.66,4.66,4.81,4.67,5.13,5.06,5.05,5.05,5.05,5.05,5.05,5.05,4.99,5.39,5.39,5.39,5.47,5.56,5.66,5.69,5.74,5.74,5.74,5.82,5.73,5.79,5.82,5.78,5.78,5.78,5.76,5.60,5.61,5.75,5.80,5.80,5.80,5.80,5.68,5.76,5.63,5.40,5.40,5.40,5.50,5.52,5.46,5.30,5.12,5.12,5.12,5.15,5.00,4.90,4.60,4.70,4.70,4.70,4.70,4.80,4.75,4.75,4.80,4.80,4.80,5.00,4.90,5.00,5.05,5.15,5.15,5.15,4.95,5.10,4.90,4.90,4.95,4.95,4.95,4.90,4.95,4.95,4.95,4.95,4.95,4.95,4.90,5.00,5.15,5.10,5.20,5.20,5.20,5.10,5.05,5.05,5.15,5.18,5.18,5.18,5.45,5.23,5.50,5.55,5.60,5.60,5.60,5.60,5.60,5.30,5.15,5.50,5.50